C:\Users\aryav\Downloads\simulator-windows-64\Data\IMG\center_2024_04_26_10_35_46_689.jpg, C:\Users\aryav\Downloads\simulator-windows-64\Data\IMG\left_2024_04_26_10_35_46_689.jpg, C:\Users\aryav\Downloads\simulator-windows-64\Data\IMG\right_2024_04_26_10_35_46_689.jpg, 0, 0, 0, 2.499586
C:\Users\aryav\Downloads\simulator-windows-64\Data\IMG\center_2024_04_26_10_35_46_809.jpg, C:\Users\aryav\Downloads\simulator-windows-64\Data\IMG\left_2024_04_26_10_35_46_809.jpg, C:\Users\aryav\Downloads\simulator-windows-64\Data\IMG\right_2024_04_26_10_35_46_809.jpg, 0, 0, 0, 2.469517
C:\Users\aryav\Downloads\simulator-windows-64\Data\IMG\center_2024_04_26_10_35_46_921.jpg, C:\Users\aryav\Downloads\simulator-windows-64\Data\IMG\left_2024_04_26_10_35_46_921.jpg, C:\Users\aryav\Downloads\simulator-windows-64\Data\IMG\right_2024_04_26_10_35_46_921.jpg, 0, 0, 0, 2.43981
C:\Users\aryav\Downloads\simulator-windows-64\Data\IMG\center_2024_04_26_10_35_47_025.jpg, C:\Users\aryav\Downloads\simulator-windows-64\Data\IMG\left_2024_04_26_10_35_47_025.jpg, C:\Users\aryav\Downloads\simulator-windows-64\Data\IMG\right_2024_04_26_10_35_47_025.jpg, 0, 0, 0, 2.415327
C:\Users\aryav\Downloads\simulator-windows-64\Data\IMG\center_2024_04_26_10_35_47_131.jpg, C:\Users\aryav\Downloads\simulator-windows-64\Data\IMG\left_2024_04_26_10_35_47_131.jpg, C:\Users\aryav\Downloads\simulator-windows-64\Data\IMG\right_2024_04_26_10_35_47_131.jpg, 0, 0, 0, 2.386271
C:\Users\aryav\Downloads\simulator-windows-64\Data\IMG\center_2024_04_26_10_35_47_253.jpg, C:\Users\aryav\Downloads\simulator-windows-64\Data\IMG\left_2024_04_26_10_35_47_253.jpg, C:\Users\aryav\Downloads\simulator-windows-64\Data\IMG\right_2024_04_26_10_35_47_253.jpg, 0, 0, 0, 2.357564
C:\Users\aryav\Downloads\simulator-windows-64\Data\IMG\center_2024_04_26_10_35_47_353.jpg, C:\Users\aryav\Downloads\simulator-windows-64\Data\IMG\left_2024_04_26_10_35_47_353.jpg, C:\Users\aryav\Downloads\simulator-windows-64\Data\IMG\right_2024_04_26_10_35_47_353.jpg, 0, 0, 0, 2.333906
C:\Users\aryav\Downloads\simulator-windows-64\Data\IMG\center_2024_04_26_10_35_47_459.jpg, C:\Users\aryav\Downloads\simulator-windows-64\Data\IMG\left_2024_04_26_10_35_47_459.jpg, C:\Users\aryav\Downloads\simulator-windows-64\Data\IMG\right_2024_04_26_10_35_47_459.jpg, 0, 0, 0, 2.310485
C:\Users\aryav\Downloads\simulator-windows-64\Data\IMG\center_2024_04_26_10_35_47_565.jpg, C:\Users\aryav\Downloads\simulator-windows-64\Data\IMG\left_2024_04_26_10_35_47_565.jpg, C:\Users\aryav\Downloads\simulator-windows-64\Data\IMG\right_2024_04_26_10_35_47_565.jpg, 0, 0, 0, 2.287298
C:\Users\aryav\Downloads\simulator-windows-64\Data\IMG\center_2024_04_26_10_35_47_665.jpg, C:\Users\aryav\Downloads\simulator-windows-64\Data\IMG\left_2024_04_26_10_35_47_665.jpg, C:\Users\aryav\Downloads\simulator-windows-64\Data\IMG\right_2024_04_26_10_35_47_665.jpg, 0, 0, 0, 2.264344
C:\Users\aryav\Downloads\simulator-windows-64\Data\IMG\center_2024_04_26_10_35_47_766.jpg, C:\Users\aryav\Downloads\simulator-windows-64\Data\IMG\left_2024_04_26_10_35_47_766.jpg, C:\Users\aryav\Downloads\simulator-windows-64\Data\IMG\right_2024_04_26_10_35_47_766.jpg, 0, 0, 0, 2.241621
C:\Users\aryav\Downloads\simulator-windows-64\Data\IMG\center_2024_04_26_10_35_47_869.jpg, C:\Users\aryav\Downloads\simulator-windows-64\Data\IMG\left_2024_04_26_10_35_47_869.jpg, C:\Users\aryav\Downloads\simulator-windows-64\Data\IMG\right_2024_04_26_10_35_47_869.jpg, 0, 0, 0, 2.219126
C:\Users\aryav\Downloads\simulator-windows-64\Data\IMG\center_2024_04_26_10_35_47_977.jpg, C:\Users\aryav\Downloads\simulator-windows-64\Data\IMG\left_2024_04_26_10_35_47_977.jpg, C:\Users\aryav\Downloads\simulator-windows-64\Data\IMG\right_2024_04_26_10_35_47_977.jpg, 0, 0.326823, 0, 2.461277
C:\Users\aryav\Downloads\simulator-windows-64\Data\IMG\center_2024_04_26_10_35_48_079.jpg, C:\Users\aryav\Downloads\simulator-windows-64\Data\IMG\left_2024_04_26_10_35_48_079.jpg, C:\Users\aryav\Downloads\simulator-windows-64\Data\IMG\right_2024_04_26_10_35_48_079.jpg, 0, 0.6305778, 0, 3.067731
C:\Users\aryav\Downloads\simulator-windows-64\Data\IMG\center_2024_04_26_10_35_48_188.jpg, C:\Users\aryav\Downloads\simulator-windows-64\Data\IMG\left_2024_04_26_10_35_48_188.jpg, C:\Users\aryav\Downloads\simulator-windows-64\Data\IMG\right_2024_04_26_10_35_48_188.jpg, -0.2870733, 0.9176511, 0, 4.008966
C:\Users\aryav\Downloads\simulator-windows-64\Data\IMG\center_2024_04_26_10_35_48_298.jpg, C:\Users\aryav\Downloads\simulator-windows-64\Data\IMG\left_2024_04_26_10_35_48_298.jpg, C:\Users\aryav\Downloads\simulator-windows-64\Data\IMG\right_2024_04_26_10_35_48_298.jpg, -0.4745907, 1, 0, 5.366503
C:\Users\aryav\Downloads\simulator-windows-64\Data\IMG\center_2024_04_26_10_35_48_403.jpg, C:\Users\aryav\Downloads\simulator-windows-64\Data\IMG\left_2024_04_26_10_35_48_403.jpg, C:\Users\aryav\Downloads\simulator-windows-64\Data\IMG\right_2024_04_26_10_35_48_403.jpg, -0.1606461, 1, 0, 6.523839
C:\Users\aryav\Downloads\simulator-windows-64\Data\IMG\center_2024_04_26_10_35_48_518.jpg, C:\Users\aryav\Downloads\simulator-windows-64\Data\IMG\left_2024_04_26_10_35_48_518.jpg, C:\Users\aryav\Downloads\simulator-windows-64\Data\IMG\right_2024_04_26_10_35_48_518.jpg, 0, 1, 0, 7.88476
C:\Users\aryav\Downloads\simulator-windows-64\Data\IMG\center_2024_04_26_10_35_48_632.jpg, C:\Users\aryav\Downloads\simulator-windows-64\Data\IMG\left_2024_04_26_10_35_48_632.jpg, C:\Users\aryav\Downloads\simulator-windows-64\Data\IMG\right_2024_04_26_10_35_48_632.jpg, 0, 1, 0, 9.236784
C:\Users\aryav\Downloads\simulator-windows-64\Data\IMG\center_2024_04_26_10_35_48_740.jpg, C:\Users\aryav\Downloads\simulator-windows-64\Data\IMG\left_2024_04_26_10_35_48_740.jpg, C:\Users\aryav\Downloads\simulator-windows-64\Data\IMG\right_2024_04_26_10_35_48_740.jpg, 0, 1, 0, 10.35161
C:\Users\aryav\Downloads\simulator-windows-64\Data\IMG\center_2024_04_26_10_35_48_851.jpg, C:\Users\aryav\Downloads\simulator-windows-64\Data\IMG\left_2024_04_26_10_35_48_851.jpg, C:\Users\aryav\Downloads\simulator-windows-64\Data\IMG\right_2024_04_26_10_35_48_851.jpg, -0.1778478, 1, 0, 11.49128
C:\Users\aryav\Downloads\simulator-windows-64\Data\IMG\center_2024_04_26_10_35_48_961.jpg, C:\Users\aryav\Downloads\simulator-windows-64\Data\IMG\left_2024_04_26_10_35_48_961.jpg, C:\Users\aryav\Downloads\simulator-windows-64\Data\IMG\right_2024_04_26_10_35_48_961.jpg, -0.5080452, 1, 0, 12.77784
C:\Users\aryav\Downloads\simulator-windows-64\Data\IMG\center_2024_04_26_10_35_49_074.jpg, C:\Users\aryav\Downloads\simulator-windows-64\Data\IMG\left_2024_04_26_10_35_49_074.jpg, C:\Users\aryav\Downloads\simulator-windows-64\Data\IMG\right_2024_04_26_10_35_49_074.jpg, -0.1655031, 1, 0, 13.95872
C:\Users\aryav\Downloads\simulator-windows-64\Data\IMG\center_2024_04_26_10_35_49_191.jpg, C:\Users\aryav\Downloads\simulator-windows-64\Data\IMG\left_2024_04_26_10_35_49_191.jpg, C:\Users\aryav\Downloads\simulator-windows-64\Data\IMG\right_2024_04_26_10_35_49_191.jpg, 0, 1, 0, 15.34661
C:\Users\aryav\Downloads\simulator-windows-64\Data\IMG\center_2024_04_26_10_35_49_300.jpg, C:\Users\aryav\Downloads\simulator-windows-64\Data\IMG\left_2024_04_26_10_35_49_300.jpg, C:\Users\aryav\Downloads\simulator-windows-64\Data\IMG\right_2024_04_26_10_35_49_300.jpg, -0.1335186, 1, 0, 16.14941
C:\Users\aryav\Downloads\simulator-windows-64\Data\IMG\center_2024_04_26_10_35_49_411.jpg, C:\Users\aryav\Downloads\simulator-windows-64\Data\IMG\left_2024_04_26_10_35_49_411.jpg, C:\Users\aryav\Downloads\simulator-windows-64\Data\IMG\right_2024_04_26_10_35_49_411.jpg, -0.4627422, 1, 0, 17.3497
C:\Users\aryav\Downloads\simulator-windows-64\Data\IMG\center_2024_04_26_10_35_49_520.jpg, C:\Users\aryav\Downloads\simulator-windows-64\Data\IMG\left_2024_04_26_10_35_49_520.jpg, C:\Users\aryav\Downloads\simulator-windows-64\Data\IMG\right_2024_04_26_10_35_49_520.jpg, -0.1303428, 1, 0, 18.53904
C:\Users\aryav\Downloads\simulator-windows-64\Data\IMG\center_2024_04_26_10_35_49_631.jpg, C:\Users\aryav\Downloads\simulator-windows-64\Data\IMG\left_2024_04_26_10_35_49_631.jpg, C:\Users\aryav\Downloads\simulator-windows-64\Data\IMG\right_2024_04_26_10_35_49_631.jpg, 0, 1, 0, 19.7307
C:\Users\aryav\Downloads\simulator-windows-64\Data\IMG\center_2024_04_26_10_35_49_738.jpg, C:\Users\aryav\Downloads\simulator-windows-64\Data\IMG\left_2024_04_26_10_35_49_738.jpg, C:\Users\aryav\Downloads\simulator-windows-64\Data\IMG\right_2024_04_26_10_35_49_738.jpg, 0, 1, 0, 20.63654
C:\Users\aryav\Downloads\simulator-windows-64\Data\IMG\center_2024_04_26_10_35_49_848.jpg, C:\Users\aryav\Downloads\simulator-windows-64\Data\IMG\left_2024_04_26_10_35_49_848.jpg, C:\Users\aryav\Downloads\simulator-windows-64\Data\IMG\right_2024_04_26_10_35_49_848.jpg, -0.059937, 1, 0, 21.70948
C:\Users\aryav\Downloads\simulator-windows-64\Data\IMG\center_2024_04_26_10_35_49_950.jpg, C:\Users\aryav\Downloads\simulator-windows-64\Data\IMG\left_2024_04_26_10_35_49_950.jpg, C:\Users\aryav\Downloads\simulator-windows-64\Data\IMG\right_2024_04_26_10_35_49_950.jpg, -0.366099, 1, 0, 22.79445
C:\Users\aryav\Downloads\simulator-windows-64\Data\IMG\center_2024_04_26_10_35_50_068.jpg, C:\Users\aryav\Downloads\simulator-windows-64\Data\IMG\left_2024_04_26_10_35_50_068.jpg, C:\Users\aryav\Downloads\simulator-windows-64\Data\IMG\right_2024_04_26_10_35_50_068.jpg, -0.2206662, 1, 0, 23.69904
C:\Users\aryav\Downloads\simulator-windows-64\Data\IMG\center_2024_04_26_10_35_50_184.jpg, C:\Users\aryav\Downloads\simulator-windows-64\Data\IMG\left_2024_04_26_10_35_50_184.jpg, C:\Users\aryav\Downloads\simulator-windows-64\Data\IMG\right_2024_04_26_10_35_50_184.jpg, 0, 1, 0, 24.85487
C:\Users\aryav\Downloads\simulator-windows-64\Data\IMG\center_2024_04_26_10_35_50_298.jpg, C:\Users\aryav\Downloads\simulator-windows-64\Data\IMG\left_2024_04_26_10_35_50_298.jpg, C:\Users\aryav\Downloads\simulator-windows-64\Data\IMG\right_2024_04_26_10_35_50_298.jpg, 0, 1, 0, 26.00015
C:\Users\aryav\Downloads\simulator-windows-64\Data\IMG\center_2024_04_26_10_35_50_421.jpg, C:\Users\aryav\Downloads\simulator-windows-64\Data\IMG\left_2024_04_26_10_35_50_421.jpg, C:\Users\aryav\Downloads\simulator-windows-64\Data\IMG\right_2024_04_26_10_35_50_421.jpg, 0, 1, 0, 27.13503
C:\Users\aryav\Downloads\simulator-windows-64\Data\IMG\center_2024_04_26_10_35_50_535.jpg, C:\Users\aryav\Downloads\simulator-windows-64\Data\IMG\left_2024_04_26_10_35_50_535.jpg, C:\Users\aryav\Downloads\simulator-windows-64\Data\IMG\right_2024_04_26_10_35_50_535.jpg, 0, 1, 0, 28.25635
C:\Users\aryav\Downloads\simulator-windows-64\Data\IMG\center_2024_04_26_10_35_50_656.jpg, C:\Users\aryav\Downloads\simulator-windows-64\Data\IMG\left_2024_04_26_10_35_50_656.jpg, C:\Users\aryav\Downloads\simulator-windows-64\Data\IMG\right_2024_04_26_10_35_50_656.jpg, 0, 1, 0, 29.36417
C:\Users\aryav\Downloads\simulator-windows-64\Data\IMG\center_2024_04_26_10_35_50_768.jpg, C:\Users\aryav\Downloads\simulator-windows-64\Data\IMG\left_2024_04_26_10_35_50_768.jpg, C:\Users\aryav\Downloads\simulator-windows-64\Data\IMG\right_2024_04_26_10_35_50_768.jpg, 0, 1, 0, 30.18753
C:\Users\aryav\Downloads\simulator-windows-64\Data\IMG\center_2024_04_26_10_35_50_885.jpg, C:\Users\aryav\Downloads\simulator-windows-64\Data\IMG\left_2024_04_26_10_35_50_885.jpg, C:\Users\aryav\Downloads\simulator-windows-64\Data\IMG\right_2024_04_26_10_35_50_885.jpg, 0, 1, 0, 30.19025
C:\Users\aryav\Downloads\simulator-windows-64\Data\IMG\center_2024_04_26_10_35_50_989.jpg, C:\Users\aryav\Downloads\simulator-windows-64\Data\IMG\left_2024_04_26_10_35_50_989.jpg, C:\Users\aryav\Downloads\simulator-windows-64\Data\IMG\right_2024_04_26_10_35_50_989.jpg, 0, 1, 0, 30.19029
C:\Users\aryav\Downloads\simulator-windows-64\Data\IMG\center_2024_04_26_10_35_51_110.jpg, C:\Users\aryav\Downloads\simulator-windows-64\Data\IMG\left_2024_04_26_10_35_51_110.jpg, C:\Users\aryav\Downloads\simulator-windows-64\Data\IMG\right_2024_04_26_10_35_51_110.jpg, 0, 1, 0, 30.19046
C:\Users\aryav\Downloads\simulator-windows-64\Data\IMG\center_2024_04_26_10_35_51_234.jpg, C:\Users\aryav\Downloads\simulator-windows-64\Data\IMG\left_2024_04_26_10_35_51_234.jpg, C:\Users\aryav\Downloads\simulator-windows-64\Data\IMG\right_2024_04_26_10_35_51_234.jpg, -0.0710796, 1, 0, 30.18908
C:\Users\aryav\Downloads\simulator-windows-64\Data\IMG\center_2024_04_26_10_35_51_352.jpg, C:\Users\aryav\Downloads\simulator-windows-64\Data\IMG\left_2024_04_26_10_35_51_352.jpg, C:\Users\aryav\Downloads\simulator-windows-64\Data\IMG\right_2024_04_26_10_35_51_352.jpg, -0.1318716, 1, 0, 30.18934
C:\Users\aryav\Downloads\simulator-windows-64\Data\IMG\center_2024_04_26_10_35_51_470.jpg, C:\Users\aryav\Downloads\simulator-windows-64\Data\IMG\left_2024_04_26_10_35_51_470.jpg, C:\Users\aryav\Downloads\simulator-windows-64\Data\IMG\right_2024_04_26_10_35_51_470.jpg, 0, 1, 0, 30.18995
C:\Users\aryav\Downloads\simulator-windows-64\Data\IMG\center_2024_04_26_10_35_51_571.jpg, C:\Users\aryav\Downloads\simulator-windows-64\Data\IMG\left_2024_04_26_10_35_51_571.jpg, C:\Users\aryav\Downloads\simulator-windows-64\Data\IMG\right_2024_04_26_10_35_51_571.jpg, 0, 1, 0, 30.19025
C:\Users\aryav\Downloads\simulator-windows-64\Data\IMG\center_2024_04_26_10_35_51_682.jpg, C:\Users\aryav\Downloads\simulator-windows-64\Data\IMG\left_2024_04_26_10_35_51_682.jpg, C:\Users\aryav\Downloads\simulator-windows-64\Data\IMG\right_2024_04_26_10_35_51_682.jpg, 0, 1, 0, 30.19027
C:\Users\aryav\Downloads\simulator-windows-64\Data\IMG\center_2024_04_26_10_35_51_796.jpg, C:\Users\aryav\Downloads\simulator-windows-64\Data\IMG\left_2024_04_26_10_35_51_796.jpg, C:\Users\aryav\Downloads\simulator-windows-64\Data\IMG\right_2024_04_26_10_35_51_796.jpg, -0.1221834, 1, 0, 30.18653
C:\Users\aryav\Downloads\simulator-windows-64\Data\IMG\center_2024_04_26_10_35_51_900.jpg, C:\Users\aryav\Downloads\simulator-windows-64\Data\IMG\left_2024_04_26_10_35_51_900.jpg, C:\Users\aryav\Downloads\simulator-windows-64\Data\IMG\right_2024_04_26_10_35_51_900.jpg, -0.2979204, 1, 0, 30.17159
C:\Users\aryav\Downloads\simulator-windows-64\Data\IMG\center_2024_04_26_10_35_52_016.jpg, C:\Users\aryav\Downloads\simulator-windows-64\Data\IMG\left_2024_04_26_10_35_52_016.jpg, C:\Users\aryav\Downloads\simulator-windows-64\Data\IMG\right_2024_04_26_10_35_52_016.jpg, 0, 1, 0, 30.18825
C:\Users\aryav\Downloads\simulator-windows-64\Data\IMG\center_2024_04_26_10_35_52_133.jpg, C:\Users\aryav\Downloads\simulator-windows-64\Data\IMG\left_2024_04_26_10_35_52_133.jpg, C:\Users\aryav\Downloads\simulator-windows-64\Data\IMG\right_2024_04_26_10_35_52_133.jpg, 0, 1, 0, 30.19031
C:\Users\aryav\Downloads\simulator-windows-64\Data\IMG\center_2024_04_26_10_35_52_250.jpg, C:\Users\aryav\Downloads\simulator-windows-64\Data\IMG\left_2024_04_26_10_35_52_250.jpg, C:\Users\aryav\Downloads\simulator-windows-64\Data\IMG\right_2024_04_26_10_35_52_250.jpg, -0.0640134, 1, 0, 30.18959
C:\Users\aryav\Downloads\simulator-windows-64\Data\IMG\center_2024_04_26_10_35_52_385.jpg, C:\Users\aryav\Downloads\simulator-windows-64\Data\IMG\left_2024_04_26_10_35_52_385.jpg, C:\Users\aryav\Downloads\simulator-windows-64\Data\IMG\right_2024_04_26_10_35_52_385.jpg, -0.1850034, 1, 0, 30.18955
C:\Users\aryav\Downloads\simulator-windows-64\Data\IMG\center_2024_04_26_10_35_52_504.jpg, C:\Users\aryav\Downloads\simulator-windows-64\Data\IMG\left_2024_04_26_10_35_52_504.jpg, C:\Users\aryav\Downloads\simulator-windows-64\Data\IMG\right_2024_04_26_10_35_52_504.jpg, 0, 1, 0, 30.18982
C:\Users\aryav\Downloads\simulator-windows-64\Data\IMG\center_2024_04_26_10_35_52_620.jpg, C:\Users\aryav\Downloads\simulator-windows-64\Data\IMG\left_2024_04_26_10_35_52_620.jpg, C:\Users\aryav\Downloads\simulator-windows-64\Data\IMG\right_2024_04_26_10_35_52_620.jpg, 0, 1, 0, 30.19027
C:\Users\aryav\Downloads\simulator-windows-64\Data\IMG\center_2024_04_26_10_35_52_721.jpg, C:\Users\aryav\Downloads\simulator-windows-64\Data\IMG\left_2024_04_26_10_35_52_721.jpg, C:\Users\aryav\Downloads\simulator-windows-64\Data\IMG\right_2024_04_26_10_35_52_721.jpg, 0, 1, 0, 30.19029
C:\Users\aryav\Downloads\simulator-windows-64\Data\IMG\center_2024_04_26_10_35_52_823.jpg, C:\Users\aryav\Downloads\simulator-windows-64\Data\IMG\left_2024_04_26_10_35_52_823.jpg, C:\Users\aryav\Downloads\simulator-windows-64\Data\IMG\right_2024_04_26_10_35_52_823.jpg, 0, 1, 0, 30.19032
C:\Users\aryav\Downloads\simulator-windows-64\Data\IMG\center_2024_04_26_10_35_52_923.jpg, C:\Users\aryav\Downloads\simulator-windows-64\Data\IMG\left_2024_04_26_10_35_52_923.jpg, C:\Users\aryav\Downloads\simulator-windows-64\Data\IMG\right_2024_04_26_10_35_52_923.jpg, 0, 1, 0, 30.19028
C:\Users\aryav\Downloads\simulator-windows-64\Data\IMG\center_2024_04_26_10_35_53_032.jpg, C:\Users\aryav\Downloads\simulator-windows-64\Data\IMG\left_2024_04_26_10_35_53_032.jpg, C:\Users\aryav\Downloads\simulator-windows-64\Data\IMG\right_2024_04_26_10_35_53_032.jpg, -0.3260889, 1, 0, 30.16584
C:\Users\aryav\Downloads\simulator-windows-64\Data\IMG\center_2024_04_26_10_35_53_152.jpg, C:\Users\aryav\Downloads\simulator-windows-64\Data\IMG\left_2024_04_26_10_35_53_152.jpg, C:\Users\aryav\Downloads\simulator-windows-64\Data\IMG\right_2024_04_26_10_35_53_152.jpg, 0, 1, 0, 30.18896
C:\Users\aryav\Downloads\simulator-windows-64\Data\IMG\center_2024_04_26_10_35_53_261.jpg, C:\Users\aryav\Downloads\simulator-windows-64\Data\IMG\left_2024_04_26_10_35_53_261.jpg, C:\Users\aryav\Downloads\simulator-windows-64\Data\IMG\right_2024_04_26_10_35_53_261.jpg, 0, 1, 0, 30.19013
C:\Users\aryav\Downloads\simulator-windows-64\Data\IMG\center_2024_04_26_10_35_53_364.jpg, C:\Users\aryav\Downloads\simulator-windows-64\Data\IMG\left_2024_04_26_10_35_53_364.jpg, C:\Users\aryav\Downloads\simulator-windows-64\Data\IMG\right_2024_04_26_10_35_53_364.jpg, 0, 1, 0, 30.19029
C:\Users\aryav\Downloads\simulator-windows-64\Data\IMG\center_2024_04_26_10_35_53_482.jpg, C:\Users\aryav\Downloads\simulator-windows-64\Data\IMG\left_2024_04_26_10_35_53_482.jpg, C:\Users\aryav\Downloads\simulator-windows-64\Data\IMG\right_2024_04_26_10_35_53_482.jpg, 0, 1, 0, 30.19032
C:\Users\aryav\Downloads\simulator-windows-64\Data\IMG\center_2024_04_26_10_35_53_585.jpg, C:\Users\aryav\Downloads\simulator-windows-64\Data\IMG\left_2024_04_26_10_35_53_585.jpg, C:\Users\aryav\Downloads\simulator-windows-64\Data\IMG\right_2024_04_26_10_35_53_585.jpg, 0, 1, 0, 30.1903
C:\Users\aryav\Downloads\simulator-windows-64\Data\IMG\center_2024_04_26_10_35_53_702.jpg, C:\Users\aryav\Downloads\simulator-windows-64\Data\IMG\left_2024_04_26_10_35_53_702.jpg, C:\Users\aryav\Downloads\simulator-windows-64\Data\IMG\right_2024_04_26_10_35_53_702.jpg, 0, 1, 0, 30.19031
C:\Users\aryav\Downloads\simulator-windows-64\Data\IMG\center_2024_04_26_10_35_53_819.jpg, C:\Users\aryav\Downloads\simulator-windows-64\Data\IMG\left_2024_04_26_10_35_53_819.jpg, C:\Users\aryav\Downloads\simulator-windows-64\Data\IMG\right_2024_04_26_10_35_53_819.jpg, -0.1213416, 1, 0, 30.18627
C:\Users\aryav\Downloads\simulator-windows-64\Data\IMG\center_2024_04_26_10_35_53_940.jpg, C:\Users\aryav\Downloads\simulator-windows-64\Data\IMG\left_2024_04_26_10_35_53_940.jpg, C:\Users\aryav\Downloads\simulator-windows-64\Data\IMG\right_2024_04_26_10_35_53_940.jpg, -0.3516513, 1, 0, 30.16632
C:\Users\aryav\Downloads\simulator-windows-64\Data\IMG\center_2024_04_26_10_35_54_058.jpg, C:\Users\aryav\Downloads\simulator-windows-64\Data\IMG\left_2024_04_26_10_35_54_058.jpg, C:\Users\aryav\Downloads\simulator-windows-64\Data\IMG\right_2024_04_26_10_35_54_058.jpg, 0, 1, 0, 30.18796
C:\Users\aryav\Downloads\simulator-windows-64\Data\IMG\center_2024_04_26_10_35_54_169.jpg, C:\Users\aryav\Downloads\simulator-windows-64\Data\IMG\left_2024_04_26_10_35_54_169.jpg, C:\Users\aryav\Downloads\simulator-windows-64\Data\IMG\right_2024_04_26_10_35_54_169.jpg, 0, 1, 0, 30.1898
C:\Users\aryav\Downloads\simulator-windows-64\Data\IMG\center_2024_04_26_10_35_54_275.jpg, C:\Users\aryav\Downloads\simulator-windows-64\Data\IMG\left_2024_04_26_10_35_54_275.jpg, C:\Users\aryav\Downloads\simulator-windows-64\Data\IMG\right_2024_04_26_10_35_54_275.jpg, 0, 1, 0, 30.19067
C:\Users\aryav\Downloads\simulator-windows-64\Data\IMG\center_2024_04_26_10_35_54_392.jpg, C:\Users\aryav\Downloads\simulator-windows-64\Data\IMG\left_2024_04_26_10_35_54_392.jpg, C:\Users\aryav\Downloads\simulator-windows-64\Data\IMG\right_2024_04_26_10_35_54_392.jpg, 0, 1, 0, 30.19032
C:\Users\aryav\Downloads\simulator-windows-64\Data\IMG\center_2024_04_26_10_35_54_508.jpg, C:\Users\aryav\Downloads\simulator-windows-64\Data\IMG\left_2024_04_26_10_35_54_508.jpg, C:\Users\aryav\Downloads\simulator-windows-64\Data\IMG\right_2024_04_26_10_35_54_508.jpg, 0, 1, 0, 30.19019
C:\Users\aryav\Downloads\simulator-windows-64\Data\IMG\center_2024_04_26_10_35_54_625.jpg, C:\Users\aryav\Downloads\simulator-windows-64\Data\IMG\left_2024_04_26_10_35_54_625.jpg, C:\Users\aryav\Downloads\simulator-windows-64\Data\IMG\right_2024_04_26_10_35_54_625.jpg, 0, 1, 0, 30.19026
C:\Users\aryav\Downloads\simulator-windows-64\Data\IMG\center_2024_04_26_10_35_54_742.jpg, C:\Users\aryav\Downloads\simulator-windows-64\Data\IMG\left_2024_04_26_10_35_54_742.jpg, C:\Users\aryav\Downloads\simulator-windows-64\Data\IMG\right_2024_04_26_10_35_54_742.jpg, 0, 1, 0, 30.19007
C:\Users\aryav\Downloads\simulator-windows-64\Data\IMG\center_2024_04_26_10_35_54_848.jpg, C:\Users\aryav\Downloads\simulator-windows-64\Data\IMG\left_2024_04_26_10_35_54_848.jpg, C:\Users\aryav\Downloads\simulator-windows-64\Data\IMG\right_2024_04_26_10_35_54_848.jpg, 0, 1, 0, 30.19024
C:\Users\aryav\Downloads\simulator-windows-64\Data\IMG\center_2024_04_26_10_35_54_965.jpg, C:\Users\aryav\Downloads\simulator-windows-64\Data\IMG\left_2024_04_26_10_35_54_965.jpg, C:\Users\aryav\Downloads\simulator-windows-64\Data\IMG\right_2024_04_26_10_35_54_965.jpg, 0.2375937, 1, 0, 30.17709
C:\Users\aryav\Downloads\simulator-windows-64\Data\IMG\center_2024_04_26_10_35_55_070.jpg, C:\Users\aryav\Downloads\simulator-windows-64\Data\IMG\left_2024_04_26_10_35_55_070.jpg, C:\Users\aryav\Downloads\simulator-windows-64\Data\IMG\right_2024_04_26_10_35_55_070.jpg, 0, 1, 0, 30.18959
C:\Users\aryav\Downloads\simulator-windows-64\Data\IMG\center_2024_04_26_10_35_55_195.jpg, C:\Users\aryav\Downloads\simulator-windows-64\Data\IMG\left_2024_04_26_10_35_55_195.jpg, C:\Users\aryav\Downloads\simulator-windows-64\Data\IMG\right_2024_04_26_10_35_55_195.jpg, 0, 1, 0, 30.1903
C:\Users\aryav\Downloads\simulator-windows-64\Data\IMG\center_2024_04_26_10_35_55_314.jpg, C:\Users\aryav\Downloads\simulator-windows-64\Data\IMG\left_2024_04_26_10_35_55_314.jpg, C:\Users\aryav\Downloads\simulator-windows-64\Data\IMG\right_2024_04_26_10_35_55_314.jpg, -0.2350869, 1, 0, 30.17302
C:\Users\aryav\Downloads\simulator-windows-64\Data\IMG\center_2024_04_26_10_35_55_423.jpg, C:\Users\aryav\Downloads\simulator-windows-64\Data\IMG\left_2024_04_26_10_35_55_423.jpg, C:\Users\aryav\Downloads\simulator-windows-64\Data\IMG\right_2024_04_26_10_35_55_423.jpg, -0.1595151, 1, 0, 30.18997
C:\Users\aryav\Downloads\simulator-windows-64\Data\IMG\center_2024_04_26_10_35_55_529.jpg, C:\Users\aryav\Downloads\simulator-windows-64\Data\IMG\left_2024_04_26_10_35_55_529.jpg, C:\Users\aryav\Downloads\simulator-windows-64\Data\IMG\right_2024_04_26_10_35_55_529.jpg, 0, 1, 0, 30.18959
C:\Users\aryav\Downloads\simulator-windows-64\Data\IMG\center_2024_04_26_10_35_55_647.jpg, C:\Users\aryav\Downloads\simulator-windows-64\Data\IMG\left_2024_04_26_10_35_55_647.jpg, C:\Users\aryav\Downloads\simulator-windows-64\Data\IMG\right_2024_04_26_10_35_55_647.jpg, 0, 1, 0, 30.19007
C:\Users\aryav\Downloads\simulator-windows-64\Data\IMG\center_2024_04_26_10_35_55_754.jpg, C:\Users\aryav\Downloads\simulator-windows-64\Data\IMG\left_2024_04_26_10_35_55_754.jpg, C:\Users\aryav\Downloads\simulator-windows-64\Data\IMG\right_2024_04_26_10_35_55_754.jpg, 0, 1, 0, 30.19059
C:\Users\aryav\Downloads\simulator-windows-64\Data\IMG\center_2024_04_26_10_35_55_860.jpg, C:\Users\aryav\Downloads\simulator-windows-64\Data\IMG\left_2024_04_26_10_35_55_860.jpg, C:\Users\aryav\Downloads\simulator-windows-64\Data\IMG\right_2024_04_26_10_35_55_860.jpg, 0, 1, 0, 30.19031
C:\Users\aryav\Downloads\simulator-windows-64\Data\IMG\center_2024_04_26_10_35_55_975.jpg, C:\Users\aryav\Downloads\simulator-windows-64\Data\IMG\left_2024_04_26_10_35_55_975.jpg, C:\Users\aryav\Downloads\simulator-windows-64\Data\IMG\right_2024_04_26_10_35_55_975.jpg, 0, 1, 0, 30.19027
C:\Users\aryav\Downloads\simulator-windows-64\Data\IMG\center_2024_04_26_10_35_56_084.jpg, C:\Users\aryav\Downloads\simulator-windows-64\Data\IMG\left_2024_04_26_10_35_56_084.jpg, C:\Users\aryav\Downloads\simulator-windows-64\Data\IMG\right_2024_04_26_10_35_56_084.jpg, 0, 1, 0, 30.1903
C:\Users\aryav\Downloads\simulator-windows-64\Data\IMG\center_2024_04_26_10_35_56_197.jpg, C:\Users\aryav\Downloads\simulator-windows-64\Data\IMG\left_2024_04_26_10_35_56_197.jpg, C:\Users\aryav\Downloads\simulator-windows-64\Data\IMG\right_2024_04_26_10_35_56_197.jpg, 0, 1, 0, 30.19029
C:\Users\aryav\Downloads\simulator-windows-64\Data\IMG\center_2024_04_26_10_35_56_319.jpg, C:\Users\aryav\Downloads\simulator-windows-64\Data\IMG\left_2024_04_26_10_35_56_319.jpg, C:\Users\aryav\Downloads\simulator-windows-64\Data\IMG\right_2024_04_26_10_35_56_319.jpg, 0, 1, 0, 30.19042
C:\Users\aryav\Downloads\simulator-windows-64\Data\IMG\center_2024_04_26_10_35_56_425.jpg, C:\Users\aryav\Downloads\simulator-windows-64\Data\IMG\left_2024_04_26_10_35_56_425.jpg, C:\Users\aryav\Downloads\simulator-windows-64\Data\IMG\right_2024_04_26_10_35_56_425.jpg, 0, 1, 0, 30.19029
C:\Users\aryav\Downloads\simulator-windows-64\Data\IMG\center_2024_04_26_10_35_56_542.jpg, C:\Users\aryav\Downloads\simulator-windows-64\Data\IMG\left_2024_04_26_10_35_56_542.jpg, C:\Users\aryav\Downloads\simulator-windows-64\Data\IMG\right_2024_04_26_10_35_56_542.jpg, 0, 1, 0, 30.19029
C:\Users\aryav\Downloads\simulator-windows-64\Data\IMG\center_2024_04_26_10_35_56_657.jpg, C:\Users\aryav\Downloads\simulator-windows-64\Data\IMG\left_2024_04_26_10_35_56_657.jpg, C:\Users\aryav\Downloads\simulator-windows-64\Data\IMG\right_2024_04_26_10_35_56_657.jpg, 0, 1, 0, 30.19038
C:\Users\aryav\Downloads\simulator-windows-64\Data\IMG\center_2024_04_26_10_35_56_770.jpg, C:\Users\aryav\Downloads\simulator-windows-64\Data\IMG\left_2024_04_26_10_35_56_770.jpg, C:\Users\aryav\Downloads\simulator-windows-64\Data\IMG\right_2024_04_26_10_35_56_770.jpg, 0, 1, 0, 30.1903
C:\Users\aryav\Downloads\simulator-windows-64\Data\IMG\center_2024_04_26_10_35_56_885.jpg, C:\Users\aryav\Downloads\simulator-windows-64\Data\IMG\left_2024_04_26_10_35_56_885.jpg, C:\Users\aryav\Downloads\simulator-windows-64\Data\IMG\right_2024_04_26_10_35_56_885.jpg, 0, 1, 0, 30.19034
C:\Users\aryav\Downloads\simulator-windows-64\Data\IMG\center_2024_04_26_10_35_56_987.jpg, C:\Users\aryav\Downloads\simulator-windows-64\Data\IMG\left_2024_04_26_10_35_56_987.jpg, C:\Users\aryav\Downloads\simulator-windows-64\Data\IMG\right_2024_04_26_10_35_56_987.jpg, 0, 1, 0, 30.19029
C:\Users\aryav\Downloads\simulator-windows-64\Data\IMG\center_2024_04_26_10_35_57_107.jpg, C:\Users\aryav\Downloads\simulator-windows-64\Data\IMG\left_2024_04_26_10_35_57_107.jpg, C:\Users\aryav\Downloads\simulator-windows-64\Data\IMG\right_2024_04_26_10_35_57_107.jpg, -0.1939374, 1, 0, 30.18105
C:\Users\aryav\Downloads\simulator-windows-64\Data\IMG\center_2024_04_26_10_35_57_225.jpg, C:\Users\aryav\Downloads\simulator-windows-64\Data\IMG\left_2024_04_26_10_35_57_225.jpg, C:\Users\aryav\Downloads\simulator-windows-64\Data\IMG\right_2024_04_26_10_35_57_225.jpg, 0, 1, 0, 30.19022
C:\Users\aryav\Downloads\simulator-windows-64\Data\IMG\center_2024_04_26_10_35_57_348.jpg, C:\Users\aryav\Downloads\simulator-windows-64\Data\IMG\left_2024_04_26_10_35_57_348.jpg, C:\Users\aryav\Downloads\simulator-windows-64\Data\IMG\right_2024_04_26_10_35_57_348.jpg, 0, 1, 0, 30.19029
C:\Users\aryav\Downloads\simulator-windows-64\Data\IMG\center_2024_04_26_10_35_57_469.jpg, C:\Users\aryav\Downloads\simulator-windows-64\Data\IMG\left_2024_04_26_10_35_57_469.jpg, C:\Users\aryav\Downloads\simulator-windows-64\Data\IMG\right_2024_04_26_10_35_57_469.jpg, 0, 1, 0, 30.1903
C:\Users\aryav\Downloads\simulator-windows-64\Data\IMG\center_2024_04_26_10_35_57_577.jpg, C:\Users\aryav\Downloads\simulator-windows-64\Data\IMG\left_2024_04_26_10_35_57_577.jpg, C:\Users\aryav\Downloads\simulator-windows-64\Data\IMG\right_2024_04_26_10_35_57_577.jpg, -0.1230243, 1, 0, 30.18634
C:\Users\aryav\Downloads\simulator-windows-64\Data\IMG\center_2024_04_26_10_35_57_681.jpg, C:\Users\aryav\Downloads\simulator-windows-64\Data\IMG\left_2024_04_26_10_35_57_681.jpg, C:\Users\aryav\Downloads\simulator-windows-64\Data\IMG\right_2024_04_26_10_35_57_681.jpg, -0.1673133, 1, 0, 30.18853
C:\Users\aryav\Downloads\simulator-windows-64\Data\IMG\center_2024_04_26_10_35_57_799.jpg, C:\Users\aryav\Downloads\simulator-windows-64\Data\IMG\left_2024_04_26_10_35_57_799.jpg, C:\Users\aryav\Downloads\simulator-windows-64\Data\IMG\right_2024_04_26_10_35_57_799.jpg, 0, 1, 0, 30.18978
C:\Users\aryav\Downloads\simulator-windows-64\Data\IMG\center_2024_04_26_10_35_57_909.jpg, C:\Users\aryav\Downloads\simulator-windows-64\Data\IMG\left_2024_04_26_10_35_57_909.jpg, C:\Users\aryav\Downloads\simulator-windows-64\Data\IMG\right_2024_04_26_10_35_57_909.jpg, 0, 1, 0, 30.1902
C:\Users\aryav\Downloads\simulator-windows-64\Data\IMG\center_2024_04_26_10_35_58_023.jpg, C:\Users\aryav\Downloads\simulator-windows-64\Data\IMG\left_2024_04_26_10_35_58_023.jpg, C:\Users\aryav\Downloads\simulator-windows-64\Data\IMG\right_2024_04_26_10_35_58_023.jpg, 0, 1, 0, 30.19029
C:\Users\aryav\Downloads\simulator-windows-64\Data\IMG\center_2024_04_26_10_35_58_130.jpg, C:\Users\aryav\Downloads\simulator-windows-64\Data\IMG\left_2024_04_26_10_35_58_130.jpg, C:\Users\aryav\Downloads\simulator-windows-64\Data\IMG\right_2024_04_26_10_35_58_130.jpg, -0.1237476, 1, 0, 30.18689
C:\Users\aryav\Downloads\simulator-windows-64\Data\IMG\center_2024_04_26_10_35_58_245.jpg, C:\Users\aryav\Downloads\simulator-windows-64\Data\IMG\left_2024_04_26_10_35_58_245.jpg, C:\Users\aryav\Downloads\simulator-windows-64\Data\IMG\right_2024_04_26_10_35_58_245.jpg, 0, 1, 0, 30.19024
C:\Users\aryav\Downloads\simulator-windows-64\Data\IMG\center_2024_04_26_10_35_58_353.jpg, C:\Users\aryav\Downloads\simulator-windows-64\Data\IMG\left_2024_04_26_10_35_58_353.jpg, C:\Users\aryav\Downloads\simulator-windows-64\Data\IMG\right_2024_04_26_10_35_58_353.jpg, 0, 1, 0, 30.1903
C:\Users\aryav\Downloads\simulator-windows-64\Data\IMG\center_2024_04_26_10_35_58_474.jpg, C:\Users\aryav\Downloads\simulator-windows-64\Data\IMG\left_2024_04_26_10_35_58_474.jpg, C:\Users\aryav\Downloads\simulator-windows-64\Data\IMG\right_2024_04_26_10_35_58_474.jpg, 0, 1, 0, 30.1903
C:\Users\aryav\Downloads\simulator-windows-64\Data\IMG\center_2024_04_26_10_35_58_577.jpg, C:\Users\aryav\Downloads\simulator-windows-64\Data\IMG\left_2024_04_26_10_35_58_577.jpg, C:\Users\aryav\Downloads\simulator-windows-64\Data\IMG\right_2024_04_26_10_35_58_577.jpg, -0.1241121, 1, 0, 30.18619
C:\Users\aryav\Downloads\simulator-windows-64\Data\IMG\center_2024_04_26_10_35_58_692.jpg, C:\Users\aryav\Downloads\simulator-windows-64\Data\IMG\left_2024_04_26_10_35_58_692.jpg, C:\Users\aryav\Downloads\simulator-windows-64\Data\IMG\right_2024_04_26_10_35_58_692.jpg, -0.2730516, 1, 0, 30.18273
C:\Users\aryav\Downloads\simulator-windows-64\Data\IMG\center_2024_04_26_10_35_58_794.jpg, C:\Users\aryav\Downloads\simulator-windows-64\Data\IMG\left_2024_04_26_10_35_58_794.jpg, C:\Users\aryav\Downloads\simulator-windows-64\Data\IMG\right_2024_04_26_10_35_58_794.jpg, 0, 1, 0, 30.18813
C:\Users\aryav\Downloads\simulator-windows-64\Data\IMG\center_2024_04_26_10_35_58_896.jpg, C:\Users\aryav\Downloads\simulator-windows-64\Data\IMG\left_2024_04_26_10_35_58_896.jpg, C:\Users\aryav\Downloads\simulator-windows-64\Data\IMG\right_2024_04_26_10_35_58_896.jpg, 0, 1, 0, 30.18999
C:\Users\aryav\Downloads\simulator-windows-64\Data\IMG\center_2024_04_26_10_35_58_997.jpg, C:\Users\aryav\Downloads\simulator-windows-64\Data\IMG\left_2024_04_26_10_35_58_997.jpg, C:\Users\aryav\Downloads\simulator-windows-64\Data\IMG\right_2024_04_26_10_35_58_997.jpg, 0, 1, 0, 30.19027
C:\Users\aryav\Downloads\simulator-windows-64\Data\IMG\center_2024_04_26_10_35_59_110.jpg, C:\Users\aryav\Downloads\simulator-windows-64\Data\IMG\left_2024_04_26_10_35_59_110.jpg, C:\Users\aryav\Downloads\simulator-windows-64\Data\IMG\right_2024_04_26_10_35_59_110.jpg, 0, 1, 0, 30.1903
C:\Users\aryav\Downloads\simulator-windows-64\Data\IMG\center_2024_04_26_10_35_59_227.jpg, C:\Users\aryav\Downloads\simulator-windows-64\Data\IMG\left_2024_04_26_10_35_59_227.jpg, C:\Users\aryav\Downloads\simulator-windows-64\Data\IMG\right_2024_04_26_10_35_59_227.jpg, 0, 1, 0, 30.19021
C:\Users\aryav\Downloads\simulator-windows-64\Data\IMG\center_2024_04_26_10_35_59_333.jpg, C:\Users\aryav\Downloads\simulator-windows-64\Data\IMG\left_2024_04_26_10_35_59_333.jpg, C:\Users\aryav\Downloads\simulator-windows-64\Data\IMG\right_2024_04_26_10_35_59_333.jpg, 0, 1, 0, 30.19031
C:\Users\aryav\Downloads\simulator-windows-64\Data\IMG\center_2024_04_26_10_35_59_445.jpg, C:\Users\aryav\Downloads\simulator-windows-64\Data\IMG\left_2024_04_26_10_35_59_445.jpg, C:\Users\aryav\Downloads\simulator-windows-64\Data\IMG\right_2024_04_26_10_35_59_445.jpg, 0, 1, 0, 30.19032
C:\Users\aryav\Downloads\simulator-windows-64\Data\IMG\center_2024_04_26_10_35_59_564.jpg, C:\Users\aryav\Downloads\simulator-windows-64\Data\IMG\left_2024_04_26_10_35_59_564.jpg, C:\Users\aryav\Downloads\simulator-windows-64\Data\IMG\right_2024_04_26_10_35_59_564.jpg, 0, 1, 0, 30.1903
C:\Users\aryav\Downloads\simulator-windows-64\Data\IMG\center_2024_04_26_10_35_59_671.jpg, C:\Users\aryav\Downloads\simulator-windows-64\Data\IMG\left_2024_04_26_10_35_59_671.jpg, C:\Users\aryav\Downloads\simulator-windows-64\Data\IMG\right_2024_04_26_10_35_59_671.jpg, 0, 1, 0, 30.19031
C:\Users\aryav\Downloads\simulator-windows-64\Data\IMG\center_2024_04_26_10_35_59_778.jpg, C:\Users\aryav\Downloads\simulator-windows-64\Data\IMG\left_2024_04_26_10_35_59_778.jpg, C:\Users\aryav\Downloads\simulator-windows-64\Data\IMG\right_2024_04_26_10_35_59_778.jpg, 0, 1, 0, 30.19031
C:\Users\aryav\Downloads\simulator-windows-64\Data\IMG\center_2024_04_26_10_35_59_889.jpg, C:\Users\aryav\Downloads\simulator-windows-64\Data\IMG\left_2024_04_26_10_35_59_889.jpg, C:\Users\aryav\Downloads\simulator-windows-64\Data\IMG\right_2024_04_26_10_35_59_889.jpg, 0, 1, 0, 30.19029
C:\Users\aryav\Downloads\simulator-windows-64\Data\IMG\center_2024_04_26_10_35_59_992.jpg, C:\Users\aryav\Downloads\simulator-windows-64\Data\IMG\left_2024_04_26_10_35_59_992.jpg, C:\Users\aryav\Downloads\simulator-windows-64\Data\IMG\right_2024_04_26_10_35_59_992.jpg, 0, 1, 0, 30.19029
C:\Users\aryav\Downloads\simulator-windows-64\Data\IMG\center_2024_04_26_10_36_00_099.jpg, C:\Users\aryav\Downloads\simulator-windows-64\Data\IMG\left_2024_04_26_10_36_00_099.jpg, C:\Users\aryav\Downloads\simulator-windows-64\Data\IMG\right_2024_04_26_10_36_00_099.jpg, 0, 1, 0, 30.19029
C:\Users\aryav\Downloads\simulator-windows-64\Data\IMG\center_2024_04_26_10_36_00_213.jpg, C:\Users\aryav\Downloads\simulator-windows-64\Data\IMG\left_2024_04_26_10_36_00_213.jpg, C:\Users\aryav\Downloads\simulator-windows-64\Data\IMG\right_2024_04_26_10_36_00_213.jpg, 0, 1, 0, 30.19029
C:\Users\aryav\Downloads\simulator-windows-64\Data\IMG\center_2024_04_26_10_36_00_332.jpg, C:\Users\aryav\Downloads\simulator-windows-64\Data\IMG\left_2024_04_26_10_36_00_332.jpg, C:\Users\aryav\Downloads\simulator-windows-64\Data\IMG\right_2024_04_26_10_36_00_332.jpg, 0, 1, 0, 30.1903
C:\Users\aryav\Downloads\simulator-windows-64\Data\IMG\center_2024_04_26_10_36_00_448.jpg, C:\Users\aryav\Downloads\simulator-windows-64\Data\IMG\left_2024_04_26_10_36_00_448.jpg, C:\Users\aryav\Downloads\simulator-windows-64\Data\IMG\right_2024_04_26_10_36_00_448.jpg, 0, 1, 0, 30.1903
C:\Users\aryav\Downloads\simulator-windows-64\Data\IMG\center_2024_04_26_10_36_00_555.jpg, C:\Users\aryav\Downloads\simulator-windows-64\Data\IMG\left_2024_04_26_10_36_00_555.jpg, C:\Users\aryav\Downloads\simulator-windows-64\Data\IMG\right_2024_04_26_10_36_00_555.jpg, 0, 1, 0, 30.19029
C:\Users\aryav\Downloads\simulator-windows-64\Data\IMG\center_2024_04_26_10_36_00_660.jpg, C:\Users\aryav\Downloads\simulator-windows-64\Data\IMG\left_2024_04_26_10_36_00_660.jpg, C:\Users\aryav\Downloads\simulator-windows-64\Data\IMG\right_2024_04_26_10_36_00_660.jpg, 0, 1, 0, 30.19029
C:\Users\aryav\Downloads\simulator-windows-64\Data\IMG\center_2024_04_26_10_36_00_776.jpg, C:\Users\aryav\Downloads\simulator-windows-64\Data\IMG\left_2024_04_26_10_36_00_776.jpg, C:\Users\aryav\Downloads\simulator-windows-64\Data\IMG\right_2024_04_26_10_36_00_776.jpg, 0, 1, 0, 30.19029
C:\Users\aryav\Downloads\simulator-windows-64\Data\IMG\center_2024_04_26_10_36_00_892.jpg, C:\Users\aryav\Downloads\simulator-windows-64\Data\IMG\left_2024_04_26_10_36_00_892.jpg, C:\Users\aryav\Downloads\simulator-windows-64\Data\IMG\right_2024_04_26_10_36_00_892.jpg, 0, 1, 0, 30.1903
C:\Users\aryav\Downloads\simulator-windows-64\Data\IMG\center_2024_04_26_10_36_01_008.jpg, C:\Users\aryav\Downloads\simulator-windows-64\Data\IMG\left_2024_04_26_10_36_01_008.jpg, C:\Users\aryav\Downloads\simulator-windows-64\Data\IMG\right_2024_04_26_10_36_01_008.jpg, 0, 1, 0, 30.1903
C:\Users\aryav\Downloads\simulator-windows-64\Data\IMG\center_2024_04_26_10_36_01_131.jpg, C:\Users\aryav\Downloads\simulator-windows-64\Data\IMG\left_2024_04_26_10_36_01_131.jpg, C:\Users\aryav\Downloads\simulator-windows-64\Data\IMG\right_2024_04_26_10_36_01_131.jpg, 0, 1, 0, 30.19031
C:\Users\aryav\Downloads\simulator-windows-64\Data\IMG\center_2024_04_26_10_36_01_249.jpg, C:\Users\aryav\Downloads\simulator-windows-64\Data\IMG\left_2024_04_26_10_36_01_249.jpg, C:\Users\aryav\Downloads\simulator-windows-64\Data\IMG\right_2024_04_26_10_36_01_249.jpg, 0, 1, 0, 30.1903
C:\Users\aryav\Downloads\simulator-windows-64\Data\IMG\center_2024_04_26_10_36_01_376.jpg, C:\Users\aryav\Downloads\simulator-windows-64\Data\IMG\left_2024_04_26_10_36_01_376.jpg, C:\Users\aryav\Downloads\simulator-windows-64\Data\IMG\right_2024_04_26_10_36_01_376.jpg, 0, 1, 0, 30.1903
C:\Users\aryav\Downloads\simulator-windows-64\Data\IMG\center_2024_04_26_10_36_01_478.jpg, C:\Users\aryav\Downloads\simulator-windows-64\Data\IMG\left_2024_04_26_10_36_01_478.jpg, C:\Users\aryav\Downloads\simulator-windows-64\Data\IMG\right_2024_04_26_10_36_01_478.jpg, 0, 1, 0, 30.19029
C:\Users\aryav\Downloads\simulator-windows-64\Data\IMG\center_2024_04_26_10_36_01_590.jpg, C:\Users\aryav\Downloads\simulator-windows-64\Data\IMG\left_2024_04_26_10_36_01_590.jpg, C:\Users\aryav\Downloads\simulator-windows-64\Data\IMG\right_2024_04_26_10_36_01_590.jpg, 0, 1, 0, 30.1903
C:\Users\aryav\Downloads\simulator-windows-64\Data\IMG\center_2024_04_26_10_36_01_705.jpg, C:\Users\aryav\Downloads\simulator-windows-64\Data\IMG\left_2024_04_26_10_36_01_705.jpg, C:\Users\aryav\Downloads\simulator-windows-64\Data\IMG\right_2024_04_26_10_36_01_705.jpg, 0, 1, 0, 30.1903
C:\Users\aryav\Downloads\simulator-windows-64\Data\IMG\center_2024_04_26_10_36_01_821.jpg, C:\Users\aryav\Downloads\simulator-windows-64\Data\IMG\left_2024_04_26_10_36_01_821.jpg, C:\Users\aryav\Downloads\simulator-windows-64\Data\IMG\right_2024_04_26_10_36_01_821.jpg, 0, 1, 0, 30.19029
C:\Users\aryav\Downloads\simulator-windows-64\Data\IMG\center_2024_04_26_10_36_01_931.jpg, C:\Users\aryav\Downloads\simulator-windows-64\Data\IMG\left_2024_04_26_10_36_01_931.jpg, C:\Users\aryav\Downloads\simulator-windows-64\Data\IMG\right_2024_04_26_10_36_01_931.jpg, 0, 1, 0, 30.19021
C:\Users\aryav\Downloads\simulator-windows-64\Data\IMG\center_2024_04_26_10_36_02_048.jpg, C:\Users\aryav\Downloads\simulator-windows-64\Data\IMG\left_2024_04_26_10_36_02_048.jpg, C:\Users\aryav\Downloads\simulator-windows-64\Data\IMG\right_2024_04_26_10_36_02_048.jpg, 0, 1, 0, 30.1903
C:\Users\aryav\Downloads\simulator-windows-64\Data\IMG\center_2024_04_26_10_36_02_162.jpg, C:\Users\aryav\Downloads\simulator-windows-64\Data\IMG\left_2024_04_26_10_36_02_162.jpg, C:\Users\aryav\Downloads\simulator-windows-64\Data\IMG\right_2024_04_26_10_36_02_162.jpg, 0, 1, 0, 30.19028
C:\Users\aryav\Downloads\simulator-windows-64\Data\IMG\center_2024_04_26_10_36_02_269.jpg, C:\Users\aryav\Downloads\simulator-windows-64\Data\IMG\left_2024_04_26_10_36_02_269.jpg, C:\Users\aryav\Downloads\simulator-windows-64\Data\IMG\right_2024_04_26_10_36_02_269.jpg, 0, 1, 0, 30.19062
C:\Users\aryav\Downloads\simulator-windows-64\Data\IMG\center_2024_04_26_10_36_02_386.jpg, C:\Users\aryav\Downloads\simulator-windows-64\Data\IMG\left_2024_04_26_10_36_02_386.jpg, C:\Users\aryav\Downloads\simulator-windows-64\Data\IMG\right_2024_04_26_10_36_02_386.jpg, 0, 1, 0, 30.19007
C:\Users\aryav\Downloads\simulator-windows-64\Data\IMG\center_2024_04_26_10_36_02_505.jpg, C:\Users\aryav\Downloads\simulator-windows-64\Data\IMG\left_2024_04_26_10_36_02_505.jpg, C:\Users\aryav\Downloads\simulator-windows-64\Data\IMG\right_2024_04_26_10_36_02_505.jpg, 0, 1, 0, 30.18949
C:\Users\aryav\Downloads\simulator-windows-64\Data\IMG\center_2024_04_26_10_36_02_637.jpg, C:\Users\aryav\Downloads\simulator-windows-64\Data\IMG\left_2024_04_26_10_36_02_637.jpg, C:\Users\aryav\Downloads\simulator-windows-64\Data\IMG\right_2024_04_26_10_36_02_637.jpg, 0, 1, 0, 30.18998
C:\Users\aryav\Downloads\simulator-windows-64\Data\IMG\center_2024_04_26_10_36_02_737.jpg, C:\Users\aryav\Downloads\simulator-windows-64\Data\IMG\left_2024_04_26_10_36_02_737.jpg, C:\Users\aryav\Downloads\simulator-windows-64\Data\IMG\right_2024_04_26_10_36_02_737.jpg, 0, 1, 0, 30.18998
C:\Users\aryav\Downloads\simulator-windows-64\Data\IMG\center_2024_04_26_10_36_02_839.jpg, C:\Users\aryav\Downloads\simulator-windows-64\Data\IMG\left_2024_04_26_10_36_02_839.jpg, C:\Users\aryav\Downloads\simulator-windows-64\Data\IMG\right_2024_04_26_10_36_02_839.jpg, -0.0645498, 1, 0, 30.18908
C:\Users\aryav\Downloads\simulator-windows-64\Data\IMG\center_2024_04_26_10_36_02_943.jpg, C:\Users\aryav\Downloads\simulator-windows-64\Data\IMG\left_2024_04_26_10_36_02_943.jpg, C:\Users\aryav\Downloads\simulator-windows-64\Data\IMG\right_2024_04_26_10_36_02_943.jpg, -0.3775095, 1, 0, 30.15766
C:\Users\aryav\Downloads\simulator-windows-64\Data\IMG\center_2024_04_26_10_36_03_063.jpg, C:\Users\aryav\Downloads\simulator-windows-64\Data\IMG\left_2024_04_26_10_36_03_063.jpg, C:\Users\aryav\Downloads\simulator-windows-64\Data\IMG\right_2024_04_26_10_36_03_063.jpg, -0.01945561, 1, 0, 30.18991
C:\Users\aryav\Downloads\simulator-windows-64\Data\IMG\center_2024_04_26_10_36_03_165.jpg, C:\Users\aryav\Downloads\simulator-windows-64\Data\IMG\left_2024_04_26_10_36_03_165.jpg, C:\Users\aryav\Downloads\simulator-windows-64\Data\IMG\right_2024_04_26_10_36_03_165.jpg, 0, 1, 0, 30.18978
C:\Users\aryav\Downloads\simulator-windows-64\Data\IMG\center_2024_04_26_10_36_03_265.jpg, C:\Users\aryav\Downloads\simulator-windows-64\Data\IMG\left_2024_04_26_10_36_03_265.jpg, C:\Users\aryav\Downloads\simulator-windows-64\Data\IMG\right_2024_04_26_10_36_03_265.jpg, 0, 1, 0, 30.19027
C:\Users\aryav\Downloads\simulator-windows-64\Data\IMG\center_2024_04_26_10_36_03_376.jpg, C:\Users\aryav\Downloads\simulator-windows-64\Data\IMG\left_2024_04_26_10_36_03_376.jpg, C:\Users\aryav\Downloads\simulator-windows-64\Data\IMG\right_2024_04_26_10_36_03_376.jpg, 0, 1, 0, 30.19015
C:\Users\aryav\Downloads\simulator-windows-64\Data\IMG\center_2024_04_26_10_36_03_484.jpg, C:\Users\aryav\Downloads\simulator-windows-64\Data\IMG\left_2024_04_26_10_36_03_484.jpg, C:\Users\aryav\Downloads\simulator-windows-64\Data\IMG\right_2024_04_26_10_36_03_484.jpg, -0.0673974, 1, 0, 30.18931
C:\Users\aryav\Downloads\simulator-windows-64\Data\IMG\center_2024_04_26_10_36_03_584.jpg, C:\Users\aryav\Downloads\simulator-windows-64\Data\IMG\left_2024_04_26_10_36_03_584.jpg, C:\Users\aryav\Downloads\simulator-windows-64\Data\IMG\right_2024_04_26_10_36_03_584.jpg, -0.3675231, 1, 0, 30.16009
C:\Users\aryav\Downloads\simulator-windows-64\Data\IMG\center_2024_04_26_10_36_03_693.jpg, C:\Users\aryav\Downloads\simulator-windows-64\Data\IMG\left_2024_04_26_10_36_03_693.jpg, C:\Users\aryav\Downloads\simulator-windows-64\Data\IMG\right_2024_04_26_10_36_03_693.jpg, -0.04227992, 1, 0, 30.18983
C:\Users\aryav\Downloads\simulator-windows-64\Data\IMG\center_2024_04_26_10_36_03_803.jpg, C:\Users\aryav\Downloads\simulator-windows-64\Data\IMG\left_2024_04_26_10_36_03_803.jpg, C:\Users\aryav\Downloads\simulator-windows-64\Data\IMG\right_2024_04_26_10_36_03_803.jpg, 0, 1, 0, 30.19013
C:\Users\aryav\Downloads\simulator-windows-64\Data\IMG\center_2024_04_26_10_36_03_916.jpg, C:\Users\aryav\Downloads\simulator-windows-64\Data\IMG\left_2024_04_26_10_36_03_916.jpg, C:\Users\aryav\Downloads\simulator-windows-64\Data\IMG\right_2024_04_26_10_36_03_916.jpg, 0, 1, 0, 30.19049
C:\Users\aryav\Downloads\simulator-windows-64\Data\IMG\center_2024_04_26_10_36_04_020.jpg, C:\Users\aryav\Downloads\simulator-windows-64\Data\IMG\left_2024_04_26_10_36_04_020.jpg, C:\Users\aryav\Downloads\simulator-windows-64\Data\IMG\right_2024_04_26_10_36_04_020.jpg, 0, 1, 0, 30.19053
C:\Users\aryav\Downloads\simulator-windows-64\Data\IMG\center_2024_04_26_10_36_04_124.jpg, C:\Users\aryav\Downloads\simulator-windows-64\Data\IMG\left_2024_04_26_10_36_04_124.jpg, C:\Users\aryav\Downloads\simulator-windows-64\Data\IMG\right_2024_04_26_10_36_04_124.jpg, 0, 1, 0, 30.19056
C:\Users\aryav\Downloads\simulator-windows-64\Data\IMG\center_2024_04_26_10_36_04_230.jpg, C:\Users\aryav\Downloads\simulator-windows-64\Data\IMG\left_2024_04_26_10_36_04_230.jpg, C:\Users\aryav\Downloads\simulator-windows-64\Data\IMG\right_2024_04_26_10_36_04_230.jpg, 0, 1, 0, 30.19057
C:\Users\aryav\Downloads\simulator-windows-64\Data\IMG\center_2024_04_26_10_36_04_332.jpg, C:\Users\aryav\Downloads\simulator-windows-64\Data\IMG\left_2024_04_26_10_36_04_332.jpg, C:\Users\aryav\Downloads\simulator-windows-64\Data\IMG\right_2024_04_26_10_36_04_332.jpg, 0, 1, 0, 30.19057
C:\Users\aryav\Downloads\simulator-windows-64\Data\IMG\center_2024_04_26_10_36_04_438.jpg, C:\Users\aryav\Downloads\simulator-windows-64\Data\IMG\left_2024_04_26_10_36_04_438.jpg, C:\Users\aryav\Downloads\simulator-windows-64\Data\IMG\right_2024_04_26_10_36_04_438.jpg, 0, 1, 0, 30.19058
C:\Users\aryav\Downloads\simulator-windows-64\Data\IMG\center_2024_04_26_10_36_04_556.jpg, C:\Users\aryav\Downloads\simulator-windows-64\Data\IMG\left_2024_04_26_10_36_04_556.jpg, C:\Users\aryav\Downloads\simulator-windows-64\Data\IMG\right_2024_04_26_10_36_04_556.jpg, 0, 1, 0, 30.1899
C:\Users\aryav\Downloads\simulator-windows-64\Data\IMG\center_2024_04_26_10_36_04_671.jpg, C:\Users\aryav\Downloads\simulator-windows-64\Data\IMG\left_2024_04_26_10_36_04_671.jpg, C:\Users\aryav\Downloads\simulator-windows-64\Data\IMG\right_2024_04_26_10_36_04_671.jpg, 0, 1, 0, 30.19042
C:\Users\aryav\Downloads\simulator-windows-64\Data\IMG\center_2024_04_26_10_36_04_776.jpg, C:\Users\aryav\Downloads\simulator-windows-64\Data\IMG\left_2024_04_26_10_36_04_776.jpg, C:\Users\aryav\Downloads\simulator-windows-64\Data\IMG\right_2024_04_26_10_36_04_776.jpg, 0.0643635, 1, 0, 30.18899
C:\Users\aryav\Downloads\simulator-windows-64\Data\IMG\center_2024_04_26_10_36_04_877.jpg, C:\Users\aryav\Downloads\simulator-windows-64\Data\IMG\left_2024_04_26_10_36_04_877.jpg, C:\Users\aryav\Downloads\simulator-windows-64\Data\IMG\right_2024_04_26_10_36_04_877.jpg, 0, 1, 0, 30.19024
C:\Users\aryav\Downloads\simulator-windows-64\Data\IMG\center_2024_04_26_10_36_04_993.jpg, C:\Users\aryav\Downloads\simulator-windows-64\Data\IMG\left_2024_04_26_10_36_04_993.jpg, C:\Users\aryav\Downloads\simulator-windows-64\Data\IMG\right_2024_04_26_10_36_04_993.jpg, 0, 1, 0, 30.19031
C:\Users\aryav\Downloads\simulator-windows-64\Data\IMG\center_2024_04_26_10_36_05_104.jpg, C:\Users\aryav\Downloads\simulator-windows-64\Data\IMG\left_2024_04_26_10_36_05_104.jpg, C:\Users\aryav\Downloads\simulator-windows-64\Data\IMG\right_2024_04_26_10_36_05_104.jpg, 0, 1, 0, 30.1903
C:\Users\aryav\Downloads\simulator-windows-64\Data\IMG\center_2024_04_26_10_36_05_225.jpg, C:\Users\aryav\Downloads\simulator-windows-64\Data\IMG\left_2024_04_26_10_36_05_225.jpg, C:\Users\aryav\Downloads\simulator-windows-64\Data\IMG\right_2024_04_26_10_36_05_225.jpg, 0, 1, 0, 30.19031
C:\Users\aryav\Downloads\simulator-windows-64\Data\IMG\center_2024_04_26_10_36_05_334.jpg, C:\Users\aryav\Downloads\simulator-windows-64\Data\IMG\left_2024_04_26_10_36_05_334.jpg, C:\Users\aryav\Downloads\simulator-windows-64\Data\IMG\right_2024_04_26_10_36_05_334.jpg, 0, 1, 0, 30.19031
C:\Users\aryav\Downloads\simulator-windows-64\Data\IMG\center_2024_04_26_10_36_05_451.jpg, C:\Users\aryav\Downloads\simulator-windows-64\Data\IMG\left_2024_04_26_10_36_05_451.jpg, C:\Users\aryav\Downloads\simulator-windows-64\Data\IMG\right_2024_04_26_10_36_05_451.jpg, 0, 1, 0, 30.19031
C:\Users\aryav\Downloads\simulator-windows-64\Data\IMG\center_2024_04_26_10_36_05_560.jpg, C:\Users\aryav\Downloads\simulator-windows-64\Data\IMG\left_2024_04_26_10_36_05_560.jpg, C:\Users\aryav\Downloads\simulator-windows-64\Data\IMG\right_2024_04_26_10_36_05_560.jpg, 0, 1, 0, 30.19028
C:\Users\aryav\Downloads\simulator-windows-64\Data\IMG\center_2024_04_26_10_36_05_680.jpg, C:\Users\aryav\Downloads\simulator-windows-64\Data\IMG\left_2024_04_26_10_36_05_680.jpg, C:\Users\aryav\Downloads\simulator-windows-64\Data\IMG\right_2024_04_26_10_36_05_680.jpg, 0, 1, 0, 30.19027
C:\Users\aryav\Downloads\simulator-windows-64\Data\IMG\center_2024_04_26_10_36_05_795.jpg, C:\Users\aryav\Downloads\simulator-windows-64\Data\IMG\left_2024_04_26_10_36_05_795.jpg, C:\Users\aryav\Downloads\simulator-windows-64\Data\IMG\right_2024_04_26_10_36_05_795.jpg, 0, 1, 0, 30.1903
C:\Users\aryav\Downloads\simulator-windows-64\Data\IMG\center_2024_04_26_10_36_05_915.jpg, C:\Users\aryav\Downloads\simulator-windows-64\Data\IMG\left_2024_04_26_10_36_05_915.jpg, C:\Users\aryav\Downloads\simulator-windows-64\Data\IMG\right_2024_04_26_10_36_05_915.jpg, 0, 1, 0, 30.19032
C:\Users\aryav\Downloads\simulator-windows-64\Data\IMG\center_2024_04_26_10_36_06_022.jpg, C:\Users\aryav\Downloads\simulator-windows-64\Data\IMG\left_2024_04_26_10_36_06_022.jpg, C:\Users\aryav\Downloads\simulator-windows-64\Data\IMG\right_2024_04_26_10_36_06_022.jpg, 0, 1, 0, 30.19029
C:\Users\aryav\Downloads\simulator-windows-64\Data\IMG\center_2024_04_26_10_36_06_133.jpg, C:\Users\aryav\Downloads\simulator-windows-64\Data\IMG\left_2024_04_26_10_36_06_133.jpg, C:\Users\aryav\Downloads\simulator-windows-64\Data\IMG\right_2024_04_26_10_36_06_133.jpg, 0, 1, 0, 30.19029
C:\Users\aryav\Downloads\simulator-windows-64\Data\IMG\center_2024_04_26_10_36_06_252.jpg, C:\Users\aryav\Downloads\simulator-windows-64\Data\IMG\left_2024_04_26_10_36_06_252.jpg, C:\Users\aryav\Downloads\simulator-windows-64\Data\IMG\right_2024_04_26_10_36_06_252.jpg, 0, 1, 0, 30.19028
C:\Users\aryav\Downloads\simulator-windows-64\Data\IMG\center_2024_04_26_10_36_06_361.jpg, C:\Users\aryav\Downloads\simulator-windows-64\Data\IMG\left_2024_04_26_10_36_06_361.jpg, C:\Users\aryav\Downloads\simulator-windows-64\Data\IMG\right_2024_04_26_10_36_06_361.jpg, 0, 1, 0, 30.19031
C:\Users\aryav\Downloads\simulator-windows-64\Data\IMG\center_2024_04_26_10_36_06_473.jpg, C:\Users\aryav\Downloads\simulator-windows-64\Data\IMG\left_2024_04_26_10_36_06_473.jpg, C:\Users\aryav\Downloads\simulator-windows-64\Data\IMG\right_2024_04_26_10_36_06_473.jpg, 0, 1, 0, 30.19029
C:\Users\aryav\Downloads\simulator-windows-64\Data\IMG\center_2024_04_26_10_36_06_589.jpg, C:\Users\aryav\Downloads\simulator-windows-64\Data\IMG\left_2024_04_26_10_36_06_589.jpg, C:\Users\aryav\Downloads\simulator-windows-64\Data\IMG\right_2024_04_26_10_36_06_589.jpg, 0, 1, 0, 30.19031
C:\Users\aryav\Downloads\simulator-windows-64\Data\IMG\center_2024_04_26_10_36_06_703.jpg, C:\Users\aryav\Downloads\simulator-windows-64\Data\IMG\left_2024_04_26_10_36_06_703.jpg, C:\Users\aryav\Downloads\simulator-windows-64\Data\IMG\right_2024_04_26_10_36_06_703.jpg, 0, 1, 0, 30.19028
C:\Users\aryav\Downloads\simulator-windows-64\Data\IMG\center_2024_04_26_10_36_06_820.jpg, C:\Users\aryav\Downloads\simulator-windows-64\Data\IMG\left_2024_04_26_10_36_06_820.jpg, C:\Users\aryav\Downloads\simulator-windows-64\Data\IMG\right_2024_04_26_10_36_06_820.jpg, 0, 1, 0, 30.19028
C:\Users\aryav\Downloads\simulator-windows-64\Data\IMG\center_2024_04_26_10_36_06_921.jpg, C:\Users\aryav\Downloads\simulator-windows-64\Data\IMG\left_2024_04_26_10_36_06_921.jpg, C:\Users\aryav\Downloads\simulator-windows-64\Data\IMG\right_2024_04_26_10_36_06_921.jpg, 0, 1, 0, 30.1903
C:\Users\aryav\Downloads\simulator-windows-64\Data\IMG\center_2024_04_26_10_36_07_047.jpg, C:\Users\aryav\Downloads\simulator-windows-64\Data\IMG\left_2024_04_26_10_36_07_047.jpg, C:\Users\aryav\Downloads\simulator-windows-64\Data\IMG\right_2024_04_26_10_36_07_047.jpg, 0, 1, 0, 30.19029
C:\Users\aryav\Downloads\simulator-windows-64\Data\IMG\center_2024_04_26_10_36_07_173.jpg, C:\Users\aryav\Downloads\simulator-windows-64\Data\IMG\left_2024_04_26_10_36_07_173.jpg, C:\Users\aryav\Downloads\simulator-windows-64\Data\IMG\right_2024_04_26_10_36_07_173.jpg, 0, 1, 0, 30.19031
C:\Users\aryav\Downloads\simulator-windows-64\Data\IMG\center_2024_04_26_10_36_07_281.jpg, C:\Users\aryav\Downloads\simulator-windows-64\Data\IMG\left_2024_04_26_10_36_07_281.jpg, C:\Users\aryav\Downloads\simulator-windows-64\Data\IMG\right_2024_04_26_10_36_07_281.jpg, -0.005339391, 1, 0, 30.18991
C:\Users\aryav\Downloads\simulator-windows-64\Data\IMG\center_2024_04_26_10_36_07_383.jpg, C:\Users\aryav\Downloads\simulator-windows-64\Data\IMG\left_2024_04_26_10_36_07_383.jpg, C:\Users\aryav\Downloads\simulator-windows-64\Data\IMG\right_2024_04_26_10_36_07_383.jpg, 0, 1, 0, 30.19024
C:\Users\aryav\Downloads\simulator-windows-64\Data\IMG\center_2024_04_26_10_36_07_488.jpg, C:\Users\aryav\Downloads\simulator-windows-64\Data\IMG\left_2024_04_26_10_36_07_488.jpg, C:\Users\aryav\Downloads\simulator-windows-64\Data\IMG\right_2024_04_26_10_36_07_488.jpg, 0, 1, 0, 30.1903
C:\Users\aryav\Downloads\simulator-windows-64\Data\IMG\center_2024_04_26_10_36_07_610.jpg, C:\Users\aryav\Downloads\simulator-windows-64\Data\IMG\left_2024_04_26_10_36_07_610.jpg, C:\Users\aryav\Downloads\simulator-windows-64\Data\IMG\right_2024_04_26_10_36_07_610.jpg, 0, 1, 0, 30.19028
C:\Users\aryav\Downloads\simulator-windows-64\Data\IMG\center_2024_04_26_10_36_07_729.jpg, C:\Users\aryav\Downloads\simulator-windows-64\Data\IMG\left_2024_04_26_10_36_07_729.jpg, C:\Users\aryav\Downloads\simulator-windows-64\Data\IMG\right_2024_04_26_10_36_07_729.jpg, 0, 1, 0, 30.19027
C:\Users\aryav\Downloads\simulator-windows-64\Data\IMG\center_2024_04_26_10_36_07_835.jpg, C:\Users\aryav\Downloads\simulator-windows-64\Data\IMG\left_2024_04_26_10_36_07_835.jpg, C:\Users\aryav\Downloads\simulator-windows-64\Data\IMG\right_2024_04_26_10_36_07_835.jpg, -0.1335234, 1, 0, 30.18547
C:\Users\aryav\Downloads\simulator-windows-64\Data\IMG\center_2024_04_26_10_36_07_949.jpg, C:\Users\aryav\Downloads\simulator-windows-64\Data\IMG\left_2024_04_26_10_36_07_949.jpg, C:\Users\aryav\Downloads\simulator-windows-64\Data\IMG\right_2024_04_26_10_36_07_949.jpg, -0.06511351, 1, 0, 30.19076
C:\Users\aryav\Downloads\simulator-windows-64\Data\IMG\center_2024_04_26_10_36_08_084.jpg, C:\Users\aryav\Downloads\simulator-windows-64\Data\IMG\left_2024_04_26_10_36_08_084.jpg, C:\Users\aryav\Downloads\simulator-windows-64\Data\IMG\right_2024_04_26_10_36_08_084.jpg, 0, 1, 0, 30.19016
C:\Users\aryav\Downloads\simulator-windows-64\Data\IMG\center_2024_04_26_10_36_08_200.jpg, C:\Users\aryav\Downloads\simulator-windows-64\Data\IMG\left_2024_04_26_10_36_08_200.jpg, C:\Users\aryav\Downloads\simulator-windows-64\Data\IMG\right_2024_04_26_10_36_08_200.jpg, 0, 1, 0, 30.19028
C:\Users\aryav\Downloads\simulator-windows-64\Data\IMG\center_2024_04_26_10_36_08_302.jpg, C:\Users\aryav\Downloads\simulator-windows-64\Data\IMG\left_2024_04_26_10_36_08_302.jpg, C:\Users\aryav\Downloads\simulator-windows-64\Data\IMG\right_2024_04_26_10_36_08_302.jpg, 0, 1, 0, 30.19031
C:\Users\aryav\Downloads\simulator-windows-64\Data\IMG\center_2024_04_26_10_36_08_419.jpg, C:\Users\aryav\Downloads\simulator-windows-64\Data\IMG\left_2024_04_26_10_36_08_419.jpg, C:\Users\aryav\Downloads\simulator-windows-64\Data\IMG\right_2024_04_26_10_36_08_419.jpg, 0, 1, 0, 30.1903
C:\Users\aryav\Downloads\simulator-windows-64\Data\IMG\center_2024_04_26_10_36_08_537.jpg, C:\Users\aryav\Downloads\simulator-windows-64\Data\IMG\left_2024_04_26_10_36_08_537.jpg, C:\Users\aryav\Downloads\simulator-windows-64\Data\IMG\right_2024_04_26_10_36_08_537.jpg, -0.1227372, 1, 0, 30.18625
C:\Users\aryav\Downloads\simulator-windows-64\Data\IMG\center_2024_04_26_10_36_08_650.jpg, C:\Users\aryav\Downloads\simulator-windows-64\Data\IMG\left_2024_04_26_10_36_08_650.jpg, C:\Users\aryav\Downloads\simulator-windows-64\Data\IMG\right_2024_04_26_10_36_08_650.jpg, -0.1164615, 1, 0, 30.18991
C:\Users\aryav\Downloads\simulator-windows-64\Data\IMG\center_2024_04_26_10_36_08_765.jpg, C:\Users\aryav\Downloads\simulator-windows-64\Data\IMG\left_2024_04_26_10_36_08_765.jpg, C:\Users\aryav\Downloads\simulator-windows-64\Data\IMG\right_2024_04_26_10_36_08_765.jpg, 0, 1, 0, 30.18986
C:\Users\aryav\Downloads\simulator-windows-64\Data\IMG\center_2024_04_26_10_36_08_867.jpg, C:\Users\aryav\Downloads\simulator-windows-64\Data\IMG\left_2024_04_26_10_36_08_867.jpg, C:\Users\aryav\Downloads\simulator-windows-64\Data\IMG\right_2024_04_26_10_36_08_867.jpg, 0, 1, 0, 30.19022
C:\Users\aryav\Downloads\simulator-windows-64\Data\IMG\center_2024_04_26_10_36_08_973.jpg, C:\Users\aryav\Downloads\simulator-windows-64\Data\IMG\left_2024_04_26_10_36_08_973.jpg, C:\Users\aryav\Downloads\simulator-windows-64\Data\IMG\right_2024_04_26_10_36_08_973.jpg, 0, 1, 0, 30.19027
C:\Users\aryav\Downloads\simulator-windows-64\Data\IMG\center_2024_04_26_10_36_09_084.jpg, C:\Users\aryav\Downloads\simulator-windows-64\Data\IMG\left_2024_04_26_10_36_09_084.jpg, C:\Users\aryav\Downloads\simulator-windows-64\Data\IMG\right_2024_04_26_10_36_09_084.jpg, 0, 1, 0, 30.19031
C:\Users\aryav\Downloads\simulator-windows-64\Data\IMG\center_2024_04_26_10_36_09_200.jpg, C:\Users\aryav\Downloads\simulator-windows-64\Data\IMG\left_2024_04_26_10_36_09_200.jpg, C:\Users\aryav\Downloads\simulator-windows-64\Data\IMG\right_2024_04_26_10_36_09_200.jpg, 0, 1, 0, 30.19029
C:\Users\aryav\Downloads\simulator-windows-64\Data\IMG\center_2024_04_26_10_36_09_321.jpg, C:\Users\aryav\Downloads\simulator-windows-64\Data\IMG\left_2024_04_26_10_36_09_321.jpg, C:\Users\aryav\Downloads\simulator-windows-64\Data\IMG\right_2024_04_26_10_36_09_321.jpg, 0, 1, 0, 30.19029
C:\Users\aryav\Downloads\simulator-windows-64\Data\IMG\center_2024_04_26_10_36_09_445.jpg, C:\Users\aryav\Downloads\simulator-windows-64\Data\IMG\left_2024_04_26_10_36_09_445.jpg, C:\Users\aryav\Downloads\simulator-windows-64\Data\IMG\right_2024_04_26_10_36_09_445.jpg, 0.2270448, 1, 0, 30.17604
C:\Users\aryav\Downloads\simulator-windows-64\Data\IMG\center_2024_04_26_10_36_09_566.jpg, C:\Users\aryav\Downloads\simulator-windows-64\Data\IMG\left_2024_04_26_10_36_09_566.jpg, C:\Users\aryav\Downloads\simulator-windows-64\Data\IMG\right_2024_04_26_10_36_09_566.jpg, 0, 1, 0, 30.19006
C:\Users\aryav\Downloads\simulator-windows-64\Data\IMG\center_2024_04_26_10_36_09_670.jpg, C:\Users\aryav\Downloads\simulator-windows-64\Data\IMG\left_2024_04_26_10_36_09_670.jpg, C:\Users\aryav\Downloads\simulator-windows-64\Data\IMG\right_2024_04_26_10_36_09_670.jpg, 0, 1, 0, 30.19025
C:\Users\aryav\Downloads\simulator-windows-64\Data\IMG\center_2024_04_26_10_36_09_780.jpg, C:\Users\aryav\Downloads\simulator-windows-64\Data\IMG\left_2024_04_26_10_36_09_780.jpg, C:\Users\aryav\Downloads\simulator-windows-64\Data\IMG\right_2024_04_26_10_36_09_780.jpg, 0, 1, 0, 30.19035
C:\Users\aryav\Downloads\simulator-windows-64\Data\IMG\center_2024_04_26_10_36_09_894.jpg, C:\Users\aryav\Downloads\simulator-windows-64\Data\IMG\left_2024_04_26_10_36_09_894.jpg, C:\Users\aryav\Downloads\simulator-windows-64\Data\IMG\right_2024_04_26_10_36_09_894.jpg, 0, 1, 0, 30.19028
C:\Users\aryav\Downloads\simulator-windows-64\Data\IMG\center_2024_04_26_10_36_10_013.jpg, C:\Users\aryav\Downloads\simulator-windows-64\Data\IMG\left_2024_04_26_10_36_10_013.jpg, C:\Users\aryav\Downloads\simulator-windows-64\Data\IMG\right_2024_04_26_10_36_10_013.jpg, 0, 1, 0, 30.19028
C:\Users\aryav\Downloads\simulator-windows-64\Data\IMG\center_2024_04_26_10_36_10_116.jpg, C:\Users\aryav\Downloads\simulator-windows-64\Data\IMG\left_2024_04_26_10_36_10_116.jpg, C:\Users\aryav\Downloads\simulator-windows-64\Data\IMG\right_2024_04_26_10_36_10_116.jpg, 0, 1, 0, 30.1903
C:\Users\aryav\Downloads\simulator-windows-64\Data\IMG\center_2024_04_26_10_36_10_234.jpg, C:\Users\aryav\Downloads\simulator-windows-64\Data\IMG\left_2024_04_26_10_36_10_234.jpg, C:\Users\aryav\Downloads\simulator-windows-64\Data\IMG\right_2024_04_26_10_36_10_234.jpg, 0, 1, 0, 30.19027
C:\Users\aryav\Downloads\simulator-windows-64\Data\IMG\center_2024_04_26_10_36_10_337.jpg, C:\Users\aryav\Downloads\simulator-windows-64\Data\IMG\left_2024_04_26_10_36_10_337.jpg, C:\Users\aryav\Downloads\simulator-windows-64\Data\IMG\right_2024_04_26_10_36_10_337.jpg, 0, 1, 0, 30.1903
C:\Users\aryav\Downloads\simulator-windows-64\Data\IMG\center_2024_04_26_10_36_10_450.jpg, C:\Users\aryav\Downloads\simulator-windows-64\Data\IMG\left_2024_04_26_10_36_10_450.jpg, C:\Users\aryav\Downloads\simulator-windows-64\Data\IMG\right_2024_04_26_10_36_10_450.jpg, -0.068955, 1, 0, 30.19015
C:\Users\aryav\Downloads\simulator-windows-64\Data\IMG\center_2024_04_26_10_36_10_552.jpg, C:\Users\aryav\Downloads\simulator-windows-64\Data\IMG\left_2024_04_26_10_36_10_552.jpg, C:\Users\aryav\Downloads\simulator-windows-64\Data\IMG\right_2024_04_26_10_36_10_552.jpg, 0, 1, 0, 30.19025
C:\Users\aryav\Downloads\simulator-windows-64\Data\IMG\center_2024_04_26_10_36_10_653.jpg, C:\Users\aryav\Downloads\simulator-windows-64\Data\IMG\left_2024_04_26_10_36_10_653.jpg, C:\Users\aryav\Downloads\simulator-windows-64\Data\IMG\right_2024_04_26_10_36_10_653.jpg, 0, 1, 0, 30.19031
C:\Users\aryav\Downloads\simulator-windows-64\Data\IMG\center_2024_04_26_10_36_10_759.jpg, C:\Users\aryav\Downloads\simulator-windows-64\Data\IMG\left_2024_04_26_10_36_10_759.jpg, C:\Users\aryav\Downloads\simulator-windows-64\Data\IMG\right_2024_04_26_10_36_10_759.jpg, 0, 1, 0, 30.19031
C:\Users\aryav\Downloads\simulator-windows-64\Data\IMG\center_2024_04_26_10_36_10_870.jpg, C:\Users\aryav\Downloads\simulator-windows-64\Data\IMG\left_2024_04_26_10_36_10_870.jpg, C:\Users\aryav\Downloads\simulator-windows-64\Data\IMG\right_2024_04_26_10_36_10_870.jpg, 0, 1, 0, 30.19032
C:\Users\aryav\Downloads\simulator-windows-64\Data\IMG\center_2024_04_26_10_36_10_979.jpg, C:\Users\aryav\Downloads\simulator-windows-64\Data\IMG\left_2024_04_26_10_36_10_979.jpg, C:\Users\aryav\Downloads\simulator-windows-64\Data\IMG\right_2024_04_26_10_36_10_979.jpg, 0, 1, 0, 30.19026
C:\Users\aryav\Downloads\simulator-windows-64\Data\IMG\center_2024_04_26_10_36_11_093.jpg, C:\Users\aryav\Downloads\simulator-windows-64\Data\IMG\left_2024_04_26_10_36_11_093.jpg, C:\Users\aryav\Downloads\simulator-windows-64\Data\IMG\right_2024_04_26_10_36_11_093.jpg, 0, 1, 0, 30.19028
C:\Users\aryav\Downloads\simulator-windows-64\Data\IMG\center_2024_04_26_10_36_11_204.jpg, C:\Users\aryav\Downloads\simulator-windows-64\Data\IMG\left_2024_04_26_10_36_11_204.jpg, C:\Users\aryav\Downloads\simulator-windows-64\Data\IMG\right_2024_04_26_10_36_11_204.jpg, -0.1345158, 1, 0, 30.18541
C:\Users\aryav\Downloads\simulator-windows-64\Data\IMG\center_2024_04_26_10_36_11_324.jpg, C:\Users\aryav\Downloads\simulator-windows-64\Data\IMG\left_2024_04_26_10_36_11_324.jpg, C:\Users\aryav\Downloads\simulator-windows-64\Data\IMG\right_2024_04_26_10_36_11_324.jpg, -0.329778, 1, 0, 30.16946
C:\Users\aryav\Downloads\simulator-windows-64\Data\IMG\center_2024_04_26_10_36_11_445.jpg, C:\Users\aryav\Downloads\simulator-windows-64\Data\IMG\left_2024_04_26_10_36_11_445.jpg, C:\Users\aryav\Downloads\simulator-windows-64\Data\IMG\right_2024_04_26_10_36_11_445.jpg, 0, 1, 0, 30.18767
C:\Users\aryav\Downloads\simulator-windows-64\Data\IMG\center_2024_04_26_10_36_11_560.jpg, C:\Users\aryav\Downloads\simulator-windows-64\Data\IMG\left_2024_04_26_10_36_11_560.jpg, C:\Users\aryav\Downloads\simulator-windows-64\Data\IMG\right_2024_04_26_10_36_11_560.jpg, 0, 1, 0, 30.19008
C:\Users\aryav\Downloads\simulator-windows-64\Data\IMG\center_2024_04_26_10_36_11_667.jpg, C:\Users\aryav\Downloads\simulator-windows-64\Data\IMG\left_2024_04_26_10_36_11_667.jpg, C:\Users\aryav\Downloads\simulator-windows-64\Data\IMG\right_2024_04_26_10_36_11_667.jpg, 0, 1, 0, 30.19033
C:\Users\aryav\Downloads\simulator-windows-64\Data\IMG\center_2024_04_26_10_36_11_768.jpg, C:\Users\aryav\Downloads\simulator-windows-64\Data\IMG\left_2024_04_26_10_36_11_768.jpg, C:\Users\aryav\Downloads\simulator-windows-64\Data\IMG\right_2024_04_26_10_36_11_768.jpg, 0, 1, 0, 30.19029
C:\Users\aryav\Downloads\simulator-windows-64\Data\IMG\center_2024_04_26_10_36_11_871.jpg, C:\Users\aryav\Downloads\simulator-windows-64\Data\IMG\left_2024_04_26_10_36_11_871.jpg, C:\Users\aryav\Downloads\simulator-windows-64\Data\IMG\right_2024_04_26_10_36_11_871.jpg, 0.2115237, 1, 0, 30.17836
C:\Users\aryav\Downloads\simulator-windows-64\Data\IMG\center_2024_04_26_10_36_11_979.jpg, C:\Users\aryav\Downloads\simulator-windows-64\Data\IMG\left_2024_04_26_10_36_11_979.jpg, C:\Users\aryav\Downloads\simulator-windows-64\Data\IMG\right_2024_04_26_10_36_11_979.jpg, 0.1157355, 1, 0, 30.19043
C:\Users\aryav\Downloads\simulator-windows-64\Data\IMG\center_2024_04_26_10_36_12_103.jpg, C:\Users\aryav\Downloads\simulator-windows-64\Data\IMG\left_2024_04_26_10_36_12_103.jpg, C:\Users\aryav\Downloads\simulator-windows-64\Data\IMG\right_2024_04_26_10_36_12_103.jpg, 0, 1, 0, 30.18978
C:\Users\aryav\Downloads\simulator-windows-64\Data\IMG\center_2024_04_26_10_36_12_218.jpg, C:\Users\aryav\Downloads\simulator-windows-64\Data\IMG\left_2024_04_26_10_36_12_218.jpg, C:\Users\aryav\Downloads\simulator-windows-64\Data\IMG\right_2024_04_26_10_36_12_218.jpg, 0, 1, 0, 30.19025
C:\Users\aryav\Downloads\simulator-windows-64\Data\IMG\center_2024_04_26_10_36_12_331.jpg, C:\Users\aryav\Downloads\simulator-windows-64\Data\IMG\left_2024_04_26_10_36_12_331.jpg, C:\Users\aryav\Downloads\simulator-windows-64\Data\IMG\right_2024_04_26_10_36_12_331.jpg, -0.2157618, 1, 0, 30.17822
C:\Users\aryav\Downloads\simulator-windows-64\Data\IMG\center_2024_04_26_10_36_12_435.jpg, C:\Users\aryav\Downloads\simulator-windows-64\Data\IMG\left_2024_04_26_10_36_12_435.jpg, C:\Users\aryav\Downloads\simulator-windows-64\Data\IMG\right_2024_04_26_10_36_12_435.jpg, 0, 1, 0, 30.18956
C:\Users\aryav\Downloads\simulator-windows-64\Data\IMG\center_2024_04_26_10_36_12_538.jpg, C:\Users\aryav\Downloads\simulator-windows-64\Data\IMG\left_2024_04_26_10_36_12_538.jpg, C:\Users\aryav\Downloads\simulator-windows-64\Data\IMG\right_2024_04_26_10_36_12_538.jpg, 0, 1, 0, 30.19017
C:\Users\aryav\Downloads\simulator-windows-64\Data\IMG\center_2024_04_26_10_36_12_640.jpg, C:\Users\aryav\Downloads\simulator-windows-64\Data\IMG\left_2024_04_26_10_36_12_640.jpg, C:\Users\aryav\Downloads\simulator-windows-64\Data\IMG\right_2024_04_26_10_36_12_640.jpg, 0, 1, 0, 30.19027
C:\Users\aryav\Downloads\simulator-windows-64\Data\IMG\center_2024_04_26_10_36_12_745.jpg, C:\Users\aryav\Downloads\simulator-windows-64\Data\IMG\left_2024_04_26_10_36_12_745.jpg, C:\Users\aryav\Downloads\simulator-windows-64\Data\IMG\right_2024_04_26_10_36_12_745.jpg, 0, 1, 0, 30.19032
C:\Users\aryav\Downloads\simulator-windows-64\Data\IMG\center_2024_04_26_10_36_12_855.jpg, C:\Users\aryav\Downloads\simulator-windows-64\Data\IMG\left_2024_04_26_10_36_12_855.jpg, C:\Users\aryav\Downloads\simulator-windows-64\Data\IMG\right_2024_04_26_10_36_12_855.jpg, 0, 1, 0, 30.19026
C:\Users\aryav\Downloads\simulator-windows-64\Data\IMG\center_2024_04_26_10_36_12_959.jpg, C:\Users\aryav\Downloads\simulator-windows-64\Data\IMG\left_2024_04_26_10_36_12_959.jpg, C:\Users\aryav\Downloads\simulator-windows-64\Data\IMG\right_2024_04_26_10_36_12_959.jpg, 0, 1, 0, 30.19047
C:\Users\aryav\Downloads\simulator-windows-64\Data\IMG\center_2024_04_26_10_36_13_070.jpg, C:\Users\aryav\Downloads\simulator-windows-64\Data\IMG\left_2024_04_26_10_36_13_070.jpg, C:\Users\aryav\Downloads\simulator-windows-64\Data\IMG\right_2024_04_26_10_36_13_070.jpg, 0, 1, 0, 30.19027
C:\Users\aryav\Downloads\simulator-windows-64\Data\IMG\center_2024_04_26_10_36_13_200.jpg, C:\Users\aryav\Downloads\simulator-windows-64\Data\IMG\left_2024_04_26_10_36_13_200.jpg, C:\Users\aryav\Downloads\simulator-windows-64\Data\IMG\right_2024_04_26_10_36_13_200.jpg, 0, 1, 0, 30.19027
C:\Users\aryav\Downloads\simulator-windows-64\Data\IMG\center_2024_04_26_10_36_13_320.jpg, C:\Users\aryav\Downloads\simulator-windows-64\Data\IMG\left_2024_04_26_10_36_13_320.jpg, C:\Users\aryav\Downloads\simulator-windows-64\Data\IMG\right_2024_04_26_10_36_13_320.jpg, 0, 1, 0, 30.19031
C:\Users\aryav\Downloads\simulator-windows-64\Data\IMG\center_2024_04_26_10_36_13_435.jpg, C:\Users\aryav\Downloads\simulator-windows-64\Data\IMG\left_2024_04_26_10_36_13_435.jpg, C:\Users\aryav\Downloads\simulator-windows-64\Data\IMG\right_2024_04_26_10_36_13_435.jpg, 0, 1, 0, 30.19033
C:\Users\aryav\Downloads\simulator-windows-64\Data\IMG\center_2024_04_26_10_36_13_551.jpg, C:\Users\aryav\Downloads\simulator-windows-64\Data\IMG\left_2024_04_26_10_36_13_551.jpg, C:\Users\aryav\Downloads\simulator-windows-64\Data\IMG\right_2024_04_26_10_36_13_551.jpg, 0, 1, 0, 30.19028
C:\Users\aryav\Downloads\simulator-windows-64\Data\IMG\center_2024_04_26_10_36_13_655.jpg, C:\Users\aryav\Downloads\simulator-windows-64\Data\IMG\left_2024_04_26_10_36_13_655.jpg, C:\Users\aryav\Downloads\simulator-windows-64\Data\IMG\right_2024_04_26_10_36_13_655.jpg, 0, 1, 0, 30.1903
C:\Users\aryav\Downloads\simulator-windows-64\Data\IMG\center_2024_04_26_10_36_13_763.jpg, C:\Users\aryav\Downloads\simulator-windows-64\Data\IMG\left_2024_04_26_10_36_13_763.jpg, C:\Users\aryav\Downloads\simulator-windows-64\Data\IMG\right_2024_04_26_10_36_13_763.jpg, 0, 1, 0, 30.19032
C:\Users\aryav\Downloads\simulator-windows-64\Data\IMG\center_2024_04_26_10_36_13_869.jpg, C:\Users\aryav\Downloads\simulator-windows-64\Data\IMG\left_2024_04_26_10_36_13_869.jpg, C:\Users\aryav\Downloads\simulator-windows-64\Data\IMG\right_2024_04_26_10_36_13_869.jpg, 0, 1, 0, 30.19028
C:\Users\aryav\Downloads\simulator-windows-64\Data\IMG\center_2024_04_26_10_36_13_986.jpg, C:\Users\aryav\Downloads\simulator-windows-64\Data\IMG\left_2024_04_26_10_36_13_986.jpg, C:\Users\aryav\Downloads\simulator-windows-64\Data\IMG\right_2024_04_26_10_36_13_986.jpg, 0, 1, 0, 30.19032
C:\Users\aryav\Downloads\simulator-windows-64\Data\IMG\center_2024_04_26_10_36_14_101.jpg, C:\Users\aryav\Downloads\simulator-windows-64\Data\IMG\left_2024_04_26_10_36_14_101.jpg, C:\Users\aryav\Downloads\simulator-windows-64\Data\IMG\right_2024_04_26_10_36_14_101.jpg, 0, 1, 0, 30.1903
C:\Users\aryav\Downloads\simulator-windows-64\Data\IMG\center_2024_04_26_10_36_14_216.jpg, C:\Users\aryav\Downloads\simulator-windows-64\Data\IMG\left_2024_04_26_10_36_14_216.jpg, C:\Users\aryav\Downloads\simulator-windows-64\Data\IMG\right_2024_04_26_10_36_14_216.jpg, 0, 1, 0, 30.19024
C:\Users\aryav\Downloads\simulator-windows-64\Data\IMG\center_2024_04_26_10_36_14_328.jpg, C:\Users\aryav\Downloads\simulator-windows-64\Data\IMG\left_2024_04_26_10_36_14_328.jpg, C:\Users\aryav\Downloads\simulator-windows-64\Data\IMG\right_2024_04_26_10_36_14_328.jpg, -0.1528848, 1, 0, 30.18413
C:\Users\aryav\Downloads\simulator-windows-64\Data\IMG\center_2024_04_26_10_36_14_440.jpg, C:\Users\aryav\Downloads\simulator-windows-64\Data\IMG\left_2024_04_26_10_36_14_440.jpg, C:\Users\aryav\Downloads\simulator-windows-64\Data\IMG\right_2024_04_26_10_36_14_440.jpg, -0.002873409, 1, 0, 30.19009
C:\Users\aryav\Downloads\simulator-windows-64\Data\IMG\center_2024_04_26_10_36_14_557.jpg, C:\Users\aryav\Downloads\simulator-windows-64\Data\IMG\left_2024_04_26_10_36_14_557.jpg, C:\Users\aryav\Downloads\simulator-windows-64\Data\IMG\right_2024_04_26_10_36_14_557.jpg, 0, 1, 0, 30.19019
C:\Users\aryav\Downloads\simulator-windows-64\Data\IMG\center_2024_04_26_10_36_14_663.jpg, C:\Users\aryav\Downloads\simulator-windows-64\Data\IMG\left_2024_04_26_10_36_14_663.jpg, C:\Users\aryav\Downloads\simulator-windows-64\Data\IMG\right_2024_04_26_10_36_14_663.jpg, 0, 1, 0, 30.19028
C:\Users\aryav\Downloads\simulator-windows-64\Data\IMG\center_2024_04_26_10_36_14_772.jpg, C:\Users\aryav\Downloads\simulator-windows-64\Data\IMG\left_2024_04_26_10_36_14_772.jpg, C:\Users\aryav\Downloads\simulator-windows-64\Data\IMG\right_2024_04_26_10_36_14_772.jpg, 0, 1, 0, 30.19029
C:\Users\aryav\Downloads\simulator-windows-64\Data\IMG\center_2024_04_26_10_36_14_879.jpg, C:\Users\aryav\Downloads\simulator-windows-64\Data\IMG\left_2024_04_26_10_36_14_879.jpg, C:\Users\aryav\Downloads\simulator-windows-64\Data\IMG\right_2024_04_26_10_36_14_879.jpg, 0, 1, 0, 30.19027
C:\Users\aryav\Downloads\simulator-windows-64\Data\IMG\center_2024_04_26_10_36_14_979.jpg, C:\Users\aryav\Downloads\simulator-windows-64\Data\IMG\left_2024_04_26_10_36_14_979.jpg, C:\Users\aryav\Downloads\simulator-windows-64\Data\IMG\right_2024_04_26_10_36_14_979.jpg, 0, 1, 0, 30.1903
C:\Users\aryav\Downloads\simulator-windows-64\Data\IMG\center_2024_04_26_10_36_15_082.jpg, C:\Users\aryav\Downloads\simulator-windows-64\Data\IMG\left_2024_04_26_10_36_15_082.jpg, C:\Users\aryav\Downloads\simulator-windows-64\Data\IMG\right_2024_04_26_10_36_15_082.jpg, 0, 1, 0, 30.19031
C:\Users\aryav\Downloads\simulator-windows-64\Data\IMG\center_2024_04_26_10_36_15_199.jpg, C:\Users\aryav\Downloads\simulator-windows-64\Data\IMG\left_2024_04_26_10_36_15_199.jpg, C:\Users\aryav\Downloads\simulator-windows-64\Data\IMG\right_2024_04_26_10_36_15_199.jpg, 0, 1, 0, 30.19027
C:\Users\aryav\Downloads\simulator-windows-64\Data\IMG\center_2024_04_26_10_36_15_310.jpg, C:\Users\aryav\Downloads\simulator-windows-64\Data\IMG\left_2024_04_26_10_36_15_310.jpg, C:\Users\aryav\Downloads\simulator-windows-64\Data\IMG\right_2024_04_26_10_36_15_310.jpg, -0.1053885, 1, 0, 30.18735
C:\Users\aryav\Downloads\simulator-windows-64\Data\IMG\center_2024_04_26_10_36_15_423.jpg, C:\Users\aryav\Downloads\simulator-windows-64\Data\IMG\left_2024_04_26_10_36_15_423.jpg, C:\Users\aryav\Downloads\simulator-windows-64\Data\IMG\right_2024_04_26_10_36_15_423.jpg, -0.3270606, 1, 0, 30.16713
C:\Users\aryav\Downloads\simulator-windows-64\Data\IMG\center_2024_04_26_10_36_15_526.jpg, C:\Users\aryav\Downloads\simulator-windows-64\Data\IMG\left_2024_04_26_10_36_15_526.jpg, C:\Users\aryav\Downloads\simulator-windows-64\Data\IMG\right_2024_04_26_10_36_15_526.jpg, -0.01909593, 1, 0, 30.18969
C:\Users\aryav\Downloads\simulator-windows-64\Data\IMG\center_2024_04_26_10_36_15_631.jpg, C:\Users\aryav\Downloads\simulator-windows-64\Data\IMG\left_2024_04_26_10_36_15_631.jpg, C:\Users\aryav\Downloads\simulator-windows-64\Data\IMG\right_2024_04_26_10_36_15_631.jpg, 0, 1, 0, 30.18989
C:\Users\aryav\Downloads\simulator-windows-64\Data\IMG\center_2024_04_26_10_36_15_737.jpg, C:\Users\aryav\Downloads\simulator-windows-64\Data\IMG\left_2024_04_26_10_36_15_737.jpg, C:\Users\aryav\Downloads\simulator-windows-64\Data\IMG\right_2024_04_26_10_36_15_737.jpg, 0, 1, 0, 30.19025
C:\Users\aryav\Downloads\simulator-windows-64\Data\IMG\center_2024_04_26_10_36_15_847.jpg, C:\Users\aryav\Downloads\simulator-windows-64\Data\IMG\left_2024_04_26_10_36_15_847.jpg, C:\Users\aryav\Downloads\simulator-windows-64\Data\IMG\right_2024_04_26_10_36_15_847.jpg, 0, 1, 0, 30.19026
C:\Users\aryav\Downloads\simulator-windows-64\Data\IMG\center_2024_04_26_10_36_15_953.jpg, C:\Users\aryav\Downloads\simulator-windows-64\Data\IMG\left_2024_04_26_10_36_15_953.jpg, C:\Users\aryav\Downloads\simulator-windows-64\Data\IMG\right_2024_04_26_10_36_15_953.jpg, 0, 1, 0, 30.19027
C:\Users\aryav\Downloads\simulator-windows-64\Data\IMG\center_2024_04_26_10_36_16_053.jpg, C:\Users\aryav\Downloads\simulator-windows-64\Data\IMG\left_2024_04_26_10_36_16_053.jpg, C:\Users\aryav\Downloads\simulator-windows-64\Data\IMG\right_2024_04_26_10_36_16_053.jpg, 0, 1, 0, 30.19029
C:\Users\aryav\Downloads\simulator-windows-64\Data\IMG\center_2024_04_26_10_36_16_173.jpg, C:\Users\aryav\Downloads\simulator-windows-64\Data\IMG\left_2024_04_26_10_36_16_173.jpg, C:\Users\aryav\Downloads\simulator-windows-64\Data\IMG\right_2024_04_26_10_36_16_173.jpg, 0, 1, 0, 30.19034
C:\Users\aryav\Downloads\simulator-windows-64\Data\IMG\center_2024_04_26_10_36_16_274.jpg, C:\Users\aryav\Downloads\simulator-windows-64\Data\IMG\left_2024_04_26_10_36_16_274.jpg, C:\Users\aryav\Downloads\simulator-windows-64\Data\IMG\right_2024_04_26_10_36_16_274.jpg, 0, 1, 0, 30.19029
C:\Users\aryav\Downloads\simulator-windows-64\Data\IMG\center_2024_04_26_10_36_16_381.jpg, C:\Users\aryav\Downloads\simulator-windows-64\Data\IMG\left_2024_04_26_10_36_16_381.jpg, C:\Users\aryav\Downloads\simulator-windows-64\Data\IMG\right_2024_04_26_10_36_16_381.jpg, 0, 1, 0, 30.19031
C:\Users\aryav\Downloads\simulator-windows-64\Data\IMG\center_2024_04_26_10_36_16_494.jpg, C:\Users\aryav\Downloads\simulator-windows-64\Data\IMG\left_2024_04_26_10_36_16_494.jpg, C:\Users\aryav\Downloads\simulator-windows-64\Data\IMG\right_2024_04_26_10_36_16_494.jpg, 0, 1, 0, 30.19025
C:\Users\aryav\Downloads\simulator-windows-64\Data\IMG\center_2024_04_26_10_36_16_604.jpg, C:\Users\aryav\Downloads\simulator-windows-64\Data\IMG\left_2024_04_26_10_36_16_604.jpg, C:\Users\aryav\Downloads\simulator-windows-64\Data\IMG\right_2024_04_26_10_36_16_604.jpg, 0, 1, 0, 30.19002
C:\Users\aryav\Downloads\simulator-windows-64\Data\IMG\center_2024_04_26_10_36_16_717.jpg, C:\Users\aryav\Downloads\simulator-windows-64\Data\IMG\left_2024_04_26_10_36_16_717.jpg, C:\Users\aryav\Downloads\simulator-windows-64\Data\IMG\right_2024_04_26_10_36_16_717.jpg, 0, 1, 0, 30.19027
C:\Users\aryav\Downloads\simulator-windows-64\Data\IMG\center_2024_04_26_10_36_16_832.jpg, C:\Users\aryav\Downloads\simulator-windows-64\Data\IMG\left_2024_04_26_10_36_16_832.jpg, C:\Users\aryav\Downloads\simulator-windows-64\Data\IMG\right_2024_04_26_10_36_16_832.jpg, -0.1518771, 1, 0, 30.18787
C:\Users\aryav\Downloads\simulator-windows-64\Data\IMG\center_2024_04_26_10_36_16_938.jpg, C:\Users\aryav\Downloads\simulator-windows-64\Data\IMG\left_2024_04_26_10_36_16_938.jpg, C:\Users\aryav\Downloads\simulator-windows-64\Data\IMG\right_2024_04_26_10_36_16_938.jpg, 0, 1, 0, 30.18988
C:\Users\aryav\Downloads\simulator-windows-64\Data\IMG\center_2024_04_26_10_36_17_047.jpg, C:\Users\aryav\Downloads\simulator-windows-64\Data\IMG\left_2024_04_26_10_36_17_047.jpg, C:\Users\aryav\Downloads\simulator-windows-64\Data\IMG\right_2024_04_26_10_36_17_047.jpg, 0, 1, 0, 30.19025
C:\Users\aryav\Downloads\simulator-windows-64\Data\IMG\center_2024_04_26_10_36_17_160.jpg, C:\Users\aryav\Downloads\simulator-windows-64\Data\IMG\left_2024_04_26_10_36_17_160.jpg, C:\Users\aryav\Downloads\simulator-windows-64\Data\IMG\right_2024_04_26_10_36_17_160.jpg, 0, 1, 0, 30.19029
C:\Users\aryav\Downloads\simulator-windows-64\Data\IMG\center_2024_04_26_10_36_17_267.jpg, C:\Users\aryav\Downloads\simulator-windows-64\Data\IMG\left_2024_04_26_10_36_17_267.jpg, C:\Users\aryav\Downloads\simulator-windows-64\Data\IMG\right_2024_04_26_10_36_17_267.jpg, 0, 1, 0, 30.19029
C:\Users\aryav\Downloads\simulator-windows-64\Data\IMG\center_2024_04_26_10_36_17_374.jpg, C:\Users\aryav\Downloads\simulator-windows-64\Data\IMG\left_2024_04_26_10_36_17_374.jpg, C:\Users\aryav\Downloads\simulator-windows-64\Data\IMG\right_2024_04_26_10_36_17_374.jpg, 0, 1, 0, 30.1903
C:\Users\aryav\Downloads\simulator-windows-64\Data\IMG\center_2024_04_26_10_36_17_488.jpg, C:\Users\aryav\Downloads\simulator-windows-64\Data\IMG\left_2024_04_26_10_36_17_488.jpg, C:\Users\aryav\Downloads\simulator-windows-64\Data\IMG\right_2024_04_26_10_36_17_488.jpg, -0.1197765, 1, 0, 30.18639
C:\Users\aryav\Downloads\simulator-windows-64\Data\IMG\center_2024_04_26_10_36_17_588.jpg, C:\Users\aryav\Downloads\simulator-windows-64\Data\IMG\left_2024_04_26_10_36_17_588.jpg, C:\Users\aryav\Downloads\simulator-windows-64\Data\IMG\right_2024_04_26_10_36_17_588.jpg, -0.1488852, 1, 0, 30.18888
C:\Users\aryav\Downloads\simulator-windows-64\Data\IMG\center_2024_04_26_10_36_17_695.jpg, C:\Users\aryav\Downloads\simulator-windows-64\Data\IMG\left_2024_04_26_10_36_17_695.jpg, C:\Users\aryav\Downloads\simulator-windows-64\Data\IMG\right_2024_04_26_10_36_17_695.jpg, 0, 1, 0, 30.18979
C:\Users\aryav\Downloads\simulator-windows-64\Data\IMG\center_2024_04_26_10_36_17_799.jpg, C:\Users\aryav\Downloads\simulator-windows-64\Data\IMG\left_2024_04_26_10_36_17_799.jpg, C:\Users\aryav\Downloads\simulator-windows-64\Data\IMG\right_2024_04_26_10_36_17_799.jpg, 0, 1, 0, 30.1902
C:\Users\aryav\Downloads\simulator-windows-64\Data\IMG\center_2024_04_26_10_36_17_900.jpg, C:\Users\aryav\Downloads\simulator-windows-64\Data\IMG\left_2024_04_26_10_36_17_900.jpg, C:\Users\aryav\Downloads\simulator-windows-64\Data\IMG\right_2024_04_26_10_36_17_900.jpg, 0, 1, 0, 30.19031
C:\Users\aryav\Downloads\simulator-windows-64\Data\IMG\center_2024_04_26_10_36_18_002.jpg, C:\Users\aryav\Downloads\simulator-windows-64\Data\IMG\left_2024_04_26_10_36_18_002.jpg, C:\Users\aryav\Downloads\simulator-windows-64\Data\IMG\right_2024_04_26_10_36_18_002.jpg, 0, 1, 0, 30.19028
C:\Users\aryav\Downloads\simulator-windows-64\Data\IMG\center_2024_04_26_10_36_18_106.jpg, C:\Users\aryav\Downloads\simulator-windows-64\Data\IMG\left_2024_04_26_10_36_18_106.jpg, C:\Users\aryav\Downloads\simulator-windows-64\Data\IMG\right_2024_04_26_10_36_18_106.jpg, 0, 1, 0, 30.19032
C:\Users\aryav\Downloads\simulator-windows-64\Data\IMG\center_2024_04_26_10_36_18_225.jpg, C:\Users\aryav\Downloads\simulator-windows-64\Data\IMG\left_2024_04_26_10_36_18_225.jpg, C:\Users\aryav\Downloads\simulator-windows-64\Data\IMG\right_2024_04_26_10_36_18_225.jpg, 0, 1, 0, 30.19033
C:\Users\aryav\Downloads\simulator-windows-64\Data\IMG\center_2024_04_26_10_36_18_338.jpg, C:\Users\aryav\Downloads\simulator-windows-64\Data\IMG\left_2024_04_26_10_36_18_338.jpg, C:\Users\aryav\Downloads\simulator-windows-64\Data\IMG\right_2024_04_26_10_36_18_338.jpg, -0.0421974, 1, 0, 30.1899
C:\Users\aryav\Downloads\simulator-windows-64\Data\IMG\center_2024_04_26_10_36_18_441.jpg, C:\Users\aryav\Downloads\simulator-windows-64\Data\IMG\left_2024_04_26_10_36_18_441.jpg, C:\Users\aryav\Downloads\simulator-windows-64\Data\IMG\right_2024_04_26_10_36_18_441.jpg, -0.101397, 1, 0, 30.1896
C:\Users\aryav\Downloads\simulator-windows-64\Data\IMG\center_2024_04_26_10_36_18_546.jpg, C:\Users\aryav\Downloads\simulator-windows-64\Data\IMG\left_2024_04_26_10_36_18_546.jpg, C:\Users\aryav\Downloads\simulator-windows-64\Data\IMG\right_2024_04_26_10_36_18_546.jpg, 0, 1, 0, 30.19011
C:\Users\aryav\Downloads\simulator-windows-64\Data\IMG\center_2024_04_26_10_36_18_657.jpg, C:\Users\aryav\Downloads\simulator-windows-64\Data\IMG\left_2024_04_26_10_36_18_657.jpg, C:\Users\aryav\Downloads\simulator-windows-64\Data\IMG\right_2024_04_26_10_36_18_657.jpg, 0, 1, 0, 30.19023
C:\Users\aryav\Downloads\simulator-windows-64\Data\IMG\center_2024_04_26_10_36_18_773.jpg, C:\Users\aryav\Downloads\simulator-windows-64\Data\IMG\left_2024_04_26_10_36_18_773.jpg, C:\Users\aryav\Downloads\simulator-windows-64\Data\IMG\right_2024_04_26_10_36_18_773.jpg, 0, 1, 0, 30.19054
C:\Users\aryav\Downloads\simulator-windows-64\Data\IMG\center_2024_04_26_10_36_18_886.jpg, C:\Users\aryav\Downloads\simulator-windows-64\Data\IMG\left_2024_04_26_10_36_18_886.jpg, C:\Users\aryav\Downloads\simulator-windows-64\Data\IMG\right_2024_04_26_10_36_18_886.jpg, -0.1520508, 1, 0, 30.18426
C:\Users\aryav\Downloads\simulator-windows-64\Data\IMG\center_2024_04_26_10_36_18_997.jpg, C:\Users\aryav\Downloads\simulator-windows-64\Data\IMG\left_2024_04_26_10_36_18_997.jpg, C:\Users\aryav\Downloads\simulator-windows-64\Data\IMG\right_2024_04_26_10_36_18_997.jpg, -0.1424826, 1, 0, 30.19044
C:\Users\aryav\Downloads\simulator-windows-64\Data\IMG\center_2024_04_26_10_36_19_112.jpg, C:\Users\aryav\Downloads\simulator-windows-64\Data\IMG\left_2024_04_26_10_36_19_112.jpg, C:\Users\aryav\Downloads\simulator-windows-64\Data\IMG\right_2024_04_26_10_36_19_112.jpg, 0, 1, 0, 30.18966
C:\Users\aryav\Downloads\simulator-windows-64\Data\IMG\center_2024_04_26_10_36_19_214.jpg, C:\Users\aryav\Downloads\simulator-windows-64\Data\IMG\left_2024_04_26_10_36_19_214.jpg, C:\Users\aryav\Downloads\simulator-windows-64\Data\IMG\right_2024_04_26_10_36_19_214.jpg, 0, 1, 0, 30.19022
C:\Users\aryav\Downloads\simulator-windows-64\Data\IMG\center_2024_04_26_10_36_19_319.jpg, C:\Users\aryav\Downloads\simulator-windows-64\Data\IMG\left_2024_04_26_10_36_19_319.jpg, C:\Users\aryav\Downloads\simulator-windows-64\Data\IMG\right_2024_04_26_10_36_19_319.jpg, 0, 1, 0, 30.19027
C:\Users\aryav\Downloads\simulator-windows-64\Data\IMG\center_2024_04_26_10_36_19_435.jpg, C:\Users\aryav\Downloads\simulator-windows-64\Data\IMG\left_2024_04_26_10_36_19_435.jpg, C:\Users\aryav\Downloads\simulator-windows-64\Data\IMG\right_2024_04_26_10_36_19_435.jpg, 0, 1, 0, 30.19027
C:\Users\aryav\Downloads\simulator-windows-64\Data\IMG\center_2024_04_26_10_36_19_536.jpg, C:\Users\aryav\Downloads\simulator-windows-64\Data\IMG\left_2024_04_26_10_36_19_536.jpg, C:\Users\aryav\Downloads\simulator-windows-64\Data\IMG\right_2024_04_26_10_36_19_536.jpg, 0, 1, 0, 30.19027
C:\Users\aryav\Downloads\simulator-windows-64\Data\IMG\center_2024_04_26_10_36_19_648.jpg, C:\Users\aryav\Downloads\simulator-windows-64\Data\IMG\left_2024_04_26_10_36_19_648.jpg, C:\Users\aryav\Downloads\simulator-windows-64\Data\IMG\right_2024_04_26_10_36_19_648.jpg, -0.2964063, 1, 0, 30.16854
C:\Users\aryav\Downloads\simulator-windows-64\Data\IMG\center_2024_04_26_10_36_19_755.jpg, C:\Users\aryav\Downloads\simulator-windows-64\Data\IMG\left_2024_04_26_10_36_19_755.jpg, C:\Users\aryav\Downloads\simulator-windows-64\Data\IMG\right_2024_04_26_10_36_19_755.jpg, -0.02123342, 1, 0, 30.19006
C:\Users\aryav\Downloads\simulator-windows-64\Data\IMG\center_2024_04_26_10_36_19_865.jpg, C:\Users\aryav\Downloads\simulator-windows-64\Data\IMG\left_2024_04_26_10_36_19_865.jpg, C:\Users\aryav\Downloads\simulator-windows-64\Data\IMG\right_2024_04_26_10_36_19_865.jpg, 0, 1, 0, 30.18993
C:\Users\aryav\Downloads\simulator-windows-64\Data\IMG\center_2024_04_26_10_36_19_977.jpg, C:\Users\aryav\Downloads\simulator-windows-64\Data\IMG\left_2024_04_26_10_36_19_977.jpg, C:\Users\aryav\Downloads\simulator-windows-64\Data\IMG\right_2024_04_26_10_36_19_977.jpg, 0, 0.7925099, 0, 30.14288
C:\Users\aryav\Downloads\simulator-windows-64\Data\IMG\center_2024_04_26_10_36_20_083.jpg, C:\Users\aryav\Downloads\simulator-windows-64\Data\IMG\left_2024_04_26_10_36_20_083.jpg, C:\Users\aryav\Downloads\simulator-windows-64\Data\IMG\right_2024_04_26_10_36_20_083.jpg, 0, 0.5086474, 0, 30.07124
C:\Users\aryav\Downloads\simulator-windows-64\Data\IMG\center_2024_04_26_10_36_20_188.jpg, C:\Users\aryav\Downloads\simulator-windows-64\Data\IMG\left_2024_04_26_10_36_20_188.jpg, C:\Users\aryav\Downloads\simulator-windows-64\Data\IMG\right_2024_04_26_10_36_20_188.jpg, 0, 0.1984991, 0, 29.99634
C:\Users\aryav\Downloads\simulator-windows-64\Data\IMG\center_2024_04_26_10_36_20_292.jpg, C:\Users\aryav\Downloads\simulator-windows-64\Data\IMG\left_2024_04_26_10_36_20_292.jpg, C:\Users\aryav\Downloads\simulator-windows-64\Data\IMG\right_2024_04_26_10_36_20_292.jpg, 0, 0, 0, 29.70592
C:\Users\aryav\Downloads\simulator-windows-64\Data\IMG\center_2024_04_26_10_36_20_398.jpg, C:\Users\aryav\Downloads\simulator-windows-64\Data\IMG\left_2024_04_26_10_36_20_398.jpg, C:\Users\aryav\Downloads\simulator-windows-64\Data\IMG\right_2024_04_26_10_36_20_398.jpg, 0, 0, 0, 29.408
C:\Users\aryav\Downloads\simulator-windows-64\Data\IMG\center_2024_04_26_10_36_20_502.jpg, C:\Users\aryav\Downloads\simulator-windows-64\Data\IMG\left_2024_04_26_10_36_20_502.jpg, C:\Users\aryav\Downloads\simulator-windows-64\Data\IMG\right_2024_04_26_10_36_20_502.jpg, 0, 0, 0, 29.11268
C:\Users\aryav\Downloads\simulator-windows-64\Data\IMG\center_2024_04_26_10_36_20_606.jpg, C:\Users\aryav\Downloads\simulator-windows-64\Data\IMG\left_2024_04_26_10_36_20_606.jpg, C:\Users\aryav\Downloads\simulator-windows-64\Data\IMG\right_2024_04_26_10_36_20_606.jpg, 0, 0, 0, 28.82034
C:\Users\aryav\Downloads\simulator-windows-64\Data\IMG\center_2024_04_26_10_36_20_708.jpg, C:\Users\aryav\Downloads\simulator-windows-64\Data\IMG\left_2024_04_26_10_36_20_708.jpg, C:\Users\aryav\Downloads\simulator-windows-64\Data\IMG\right_2024_04_26_10_36_20_708.jpg, -0.0930723, 0, 0, 28.52812
C:\Users\aryav\Downloads\simulator-windows-64\Data\IMG\center_2024_04_26_10_36_20_809.jpg, C:\Users\aryav\Downloads\simulator-windows-64\Data\IMG\left_2024_04_26_10_36_20_809.jpg, C:\Users\aryav\Downloads\simulator-windows-64\Data\IMG\right_2024_04_26_10_36_20_809.jpg, -0.391353, 0, 0, 28.14005
C:\Users\aryav\Downloads\simulator-windows-64\Data\IMG\center_2024_04_26_10_36_20_921.jpg, C:\Users\aryav\Downloads\simulator-windows-64\Data\IMG\left_2024_04_26_10_36_20_921.jpg, C:\Users\aryav\Downloads\simulator-windows-64\Data\IMG\right_2024_04_26_10_36_20_921.jpg, -0.01367731, 0, 0, 27.78649
C:\Users\aryav\Downloads\simulator-windows-64\Data\IMG\center_2024_04_26_10_36_21_021.jpg, C:\Users\aryav\Downloads\simulator-windows-64\Data\IMG\left_2024_04_26_10_36_21_021.jpg, C:\Users\aryav\Downloads\simulator-windows-64\Data\IMG\right_2024_04_26_10_36_21_021.jpg, 0, 0, 0, 27.50132
C:\Users\aryav\Downloads\simulator-windows-64\Data\IMG\center_2024_04_26_10_36_21_131.jpg, C:\Users\aryav\Downloads\simulator-windows-64\Data\IMG\left_2024_04_26_10_36_21_131.jpg, C:\Users\aryav\Downloads\simulator-windows-64\Data\IMG\right_2024_04_26_10_36_21_131.jpg, 0, 0, 0, 27.1693
C:\Users\aryav\Downloads\simulator-windows-64\Data\IMG\center_2024_04_26_10_36_21_237.jpg, C:\Users\aryav\Downloads\simulator-windows-64\Data\IMG\left_2024_04_26_10_36_21_237.jpg, C:\Users\aryav\Downloads\simulator-windows-64\Data\IMG\right_2024_04_26_10_36_21_237.jpg, 0, 0, 0, 26.89641
C:\Users\aryav\Downloads\simulator-windows-64\Data\IMG\center_2024_04_26_10_36_21_343.jpg, C:\Users\aryav\Downloads\simulator-windows-64\Data\IMG\left_2024_04_26_10_36_21_343.jpg, C:\Users\aryav\Downloads\simulator-windows-64\Data\IMG\right_2024_04_26_10_36_21_343.jpg, 0, 0, 0, 26.62634
C:\Users\aryav\Downloads\simulator-windows-64\Data\IMG\center_2024_04_26_10_36_21_455.jpg, C:\Users\aryav\Downloads\simulator-windows-64\Data\IMG\left_2024_04_26_10_36_21_455.jpg, C:\Users\aryav\Downloads\simulator-windows-64\Data\IMG\right_2024_04_26_10_36_21_455.jpg, 0, 0, 0, 26.30584
C:\Users\aryav\Downloads\simulator-windows-64\Data\IMG\center_2024_04_26_10_36_21_561.jpg, C:\Users\aryav\Downloads\simulator-windows-64\Data\IMG\left_2024_04_26_10_36_21_561.jpg, C:\Users\aryav\Downloads\simulator-windows-64\Data\IMG\right_2024_04_26_10_36_21_561.jpg, 0, 0, 0, 26.04171
C:\Users\aryav\Downloads\simulator-windows-64\Data\IMG\center_2024_04_26_10_36_21_673.jpg, C:\Users\aryav\Downloads\simulator-windows-64\Data\IMG\left_2024_04_26_10_36_21_673.jpg, C:\Users\aryav\Downloads\simulator-windows-64\Data\IMG\right_2024_04_26_10_36_21_673.jpg, 0, 0, 0, 25.72829
C:\Users\aryav\Downloads\simulator-windows-64\Data\IMG\center_2024_04_26_10_36_21_774.jpg, C:\Users\aryav\Downloads\simulator-windows-64\Data\IMG\left_2024_04_26_10_36_21_774.jpg, C:\Users\aryav\Downloads\simulator-windows-64\Data\IMG\right_2024_04_26_10_36_21_774.jpg, -0.3018045, 0, 0, 25.41532
C:\Users\aryav\Downloads\simulator-windows-64\Data\IMG\center_2024_04_26_10_36_21_878.jpg, C:\Users\aryav\Downloads\simulator-windows-64\Data\IMG\left_2024_04_26_10_36_21_878.jpg, C:\Users\aryav\Downloads\simulator-windows-64\Data\IMG\right_2024_04_26_10_36_21_878.jpg, 0, 0, 0, 25.14958
C:\Users\aryav\Downloads\simulator-windows-64\Data\IMG\center_2024_04_26_10_36_21_993.jpg, C:\Users\aryav\Downloads\simulator-windows-64\Data\IMG\left_2024_04_26_10_36_21_993.jpg, C:\Users\aryav\Downloads\simulator-windows-64\Data\IMG\right_2024_04_26_10_36_21_993.jpg, 0, 0, 0, 24.84328
C:\Users\aryav\Downloads\simulator-windows-64\Data\IMG\center_2024_04_26_10_36_22_099.jpg, C:\Users\aryav\Downloads\simulator-windows-64\Data\IMG\left_2024_04_26_10_36_22_099.jpg, C:\Users\aryav\Downloads\simulator-windows-64\Data\IMG\right_2024_04_26_10_36_22_099.jpg, 0, 0, 0, 24.59345
C:\Users\aryav\Downloads\simulator-windows-64\Data\IMG\center_2024_04_26_10_36_22_220.jpg, C:\Users\aryav\Downloads\simulator-windows-64\Data\IMG\left_2024_04_26_10_36_22_220.jpg, C:\Users\aryav\Downloads\simulator-windows-64\Data\IMG\right_2024_04_26_10_36_22_220.jpg, -0.3599085, 0, 0, 24.23126
C:\Users\aryav\Downloads\simulator-windows-64\Data\IMG\center_2024_04_26_10_36_22_339.jpg, C:\Users\aryav\Downloads\simulator-windows-64\Data\IMG\left_2024_04_26_10_36_22_339.jpg, C:\Users\aryav\Downloads\simulator-windows-64\Data\IMG\right_2024_04_26_10_36_22_339.jpg, -0.2480913, 0, 0, 23.82672
C:\Users\aryav\Downloads\simulator-windows-64\Data\IMG\center_2024_04_26_10_36_22_447.jpg, C:\Users\aryav\Downloads\simulator-windows-64\Data\IMG\left_2024_04_26_10_36_22_447.jpg, C:\Users\aryav\Downloads\simulator-windows-64\Data\IMG\right_2024_04_26_10_36_22_447.jpg, 0, 0, 0, 23.58164
C:\Users\aryav\Downloads\simulator-windows-64\Data\IMG\center_2024_04_26_10_36_22_553.jpg, C:\Users\aryav\Downloads\simulator-windows-64\Data\IMG\left_2024_04_26_10_36_22_553.jpg, C:\Users\aryav\Downloads\simulator-windows-64\Data\IMG\right_2024_04_26_10_36_22_553.jpg, 0, 0, 0, 23.29155
C:\Users\aryav\Downloads\simulator-windows-64\Data\IMG\center_2024_04_26_10_36_22_664.jpg, C:\Users\aryav\Downloads\simulator-windows-64\Data\IMG\left_2024_04_26_10_36_22_664.jpg, C:\Users\aryav\Downloads\simulator-windows-64\Data\IMG\right_2024_04_26_10_36_22_664.jpg, 0, 0, 0, 23.05682
C:\Users\aryav\Downloads\simulator-windows-64\Data\IMG\center_2024_04_26_10_36_22_771.jpg, C:\Users\aryav\Downloads\simulator-windows-64\Data\IMG\left_2024_04_26_10_36_22_771.jpg, C:\Users\aryav\Downloads\simulator-windows-64\Data\IMG\right_2024_04_26_10_36_22_771.jpg, 0, 0, 0, 22.7793
C:\Users\aryav\Downloads\simulator-windows-64\Data\IMG\center_2024_04_26_10_36_22_872.jpg, C:\Users\aryav\Downloads\simulator-windows-64\Data\IMG\left_2024_04_26_10_36_22_872.jpg, C:\Users\aryav\Downloads\simulator-windows-64\Data\IMG\right_2024_04_26_10_36_22_872.jpg, -0.3058617, 0, 0, 22.50492
C:\Users\aryav\Downloads\simulator-windows-64\Data\IMG\center_2024_04_26_10_36_22_979.jpg, C:\Users\aryav\Downloads\simulator-windows-64\Data\IMG\left_2024_04_26_10_36_22_979.jpg, C:\Users\aryav\Downloads\simulator-windows-64\Data\IMG\right_2024_04_26_10_36_22_979.jpg, -0.3039402, 0, 0, 22.17659
C:\Users\aryav\Downloads\simulator-windows-64\Data\IMG\center_2024_04_26_10_36_23_101.jpg, C:\Users\aryav\Downloads\simulator-windows-64\Data\IMG\left_2024_04_26_10_36_23_101.jpg, C:\Users\aryav\Downloads\simulator-windows-64\Data\IMG\right_2024_04_26_10_36_23_101.jpg, 0, 0, 0, 21.90852
C:\Users\aryav\Downloads\simulator-windows-64\Data\IMG\center_2024_04_26_10_36_23_206.jpg, C:\Users\aryav\Downloads\simulator-windows-64\Data\IMG\left_2024_04_26_10_36_23_206.jpg, C:\Users\aryav\Downloads\simulator-windows-64\Data\IMG\right_2024_04_26_10_36_23_206.jpg, 0, 0, 0, 21.68125
C:\Users\aryav\Downloads\simulator-windows-64\Data\IMG\center_2024_04_26_10_36_23_315.jpg, C:\Users\aryav\Downloads\simulator-windows-64\Data\IMG\left_2024_04_26_10_36_23_315.jpg, C:\Users\aryav\Downloads\simulator-windows-64\Data\IMG\right_2024_04_26_10_36_23_315.jpg, -0.1759323, 0, 0, 21.41107
C:\Users\aryav\Downloads\simulator-windows-64\Data\IMG\center_2024_04_26_10_36_23_421.jpg, C:\Users\aryav\Downloads\simulator-windows-64\Data\IMG\left_2024_04_26_10_36_23_421.jpg, C:\Users\aryav\Downloads\simulator-windows-64\Data\IMG\right_2024_04_26_10_36_23_421.jpg, -0.4941723, 0, 0, 21.08178
C:\Users\aryav\Downloads\simulator-windows-64\Data\IMG\center_2024_04_26_10_36_23_526.jpg, C:\Users\aryav\Downloads\simulator-windows-64\Data\IMG\left_2024_04_26_10_36_23_526.jpg, C:\Users\aryav\Downloads\simulator-windows-64\Data\IMG\right_2024_04_26_10_36_23_526.jpg, -0.2163909, 0, 0, 20.83941
C:\Users\aryav\Downloads\simulator-windows-64\Data\IMG\center_2024_04_26_10_36_23_627.jpg, C:\Users\aryav\Downloads\simulator-windows-64\Data\IMG\left_2024_04_26_10_36_23_627.jpg, C:\Users\aryav\Downloads\simulator-windows-64\Data\IMG\right_2024_04_26_10_36_23_627.jpg, 0, 0, 0, 20.63484
C:\Users\aryav\Downloads\simulator-windows-64\Data\IMG\center_2024_04_26_10_36_23_734.jpg, C:\Users\aryav\Downloads\simulator-windows-64\Data\IMG\left_2024_04_26_10_36_23_734.jpg, C:\Users\aryav\Downloads\simulator-windows-64\Data\IMG\right_2024_04_26_10_36_23_734.jpg, 0, 0, 0, 20.4031
C:\Users\aryav\Downloads\simulator-windows-64\Data\IMG\center_2024_04_26_10_36_23_837.jpg, C:\Users\aryav\Downloads\simulator-windows-64\Data\IMG\left_2024_04_26_10_36_23_837.jpg, C:\Users\aryav\Downloads\simulator-windows-64\Data\IMG\right_2024_04_26_10_36_23_837.jpg, 0, 0, 0, 20.07017
C:\Users\aryav\Downloads\simulator-windows-64\Data\IMG\center_2024_04_26_10_36_23_948.jpg, C:\Users\aryav\Downloads\simulator-windows-64\Data\IMG\left_2024_04_26_10_36_23_948.jpg, C:\Users\aryav\Downloads\simulator-windows-64\Data\IMG\right_2024_04_26_10_36_23_948.jpg, 0, 0, 0, 20.06021
C:\Users\aryav\Downloads\simulator-windows-64\Data\IMG\center_2024_04_26_10_36_24_050.jpg, C:\Users\aryav\Downloads\simulator-windows-64\Data\IMG\left_2024_04_26_10_36_24_050.jpg, C:\Users\aryav\Downloads\simulator-windows-64\Data\IMG\right_2024_04_26_10_36_24_050.jpg, 0, 0, 0, 19.86648
C:\Users\aryav\Downloads\simulator-windows-64\Data\IMG\center_2024_04_26_10_36_24_157.jpg, C:\Users\aryav\Downloads\simulator-windows-64\Data\IMG\left_2024_04_26_10_36_24_157.jpg, C:\Users\aryav\Downloads\simulator-windows-64\Data\IMG\right_2024_04_26_10_36_24_157.jpg, 0, 0, 0, 19.31843
